field_1,1987_Aigües continentals,1987_Infraestructures viaries,1987_Urba,1987_Conreus herbacis,1987_Conreus llenyosos,1987_Matollars,1987_Boscos d'esclerofil·les,1987_Boscos de caducifolis,1987_Boscos d'aciculifolis,1987_Vegetació de zones humides,1987_Sòls amb vegetació escassa o nul·la,1987_Zones cremades,1987_Sorrals i platges,NODATA->Sense dades,1992_Aigües continentals,1992_Infraestructures viaries,1992_Urba,1992_Conreus herbacis,1992_Conreus llenyosos,1992_Matollars,1992_Boscos d'esclerofil·les,1992_Boscos de caducifolis,1992_Boscos d'aciculifolis,1992_Vegetació de zones humides,1992_Sòls amb vegetació escassa o nul·la,1992_Sorrals i platges,NODATA->Sense dades_1,1997_Aigües continentals,1997_Infraestructures viaries,1997_Urba,1997_Conreus herbacis,1997_Conreus llenyosos,1997_Matollars,1997_Boscos d'esclerofil·les,1997_Boscos de caducifolis,1997_Boscos d'aciculifolis,1997_Vegetació de zones humides,1997_Sòls amb vegetació escassa o nul·la,1997_Zones cremades,1997_Sorrals i platges,NODATA->Sense dades_2,2002_Aigües continentals,2002_Infraestructures viaries,2002_Urba,2002_Conreus herbacis,2002_Conreus llenyosos,2002_Matollars,2002_Boscos d'esclerofil·les,2002_Boscos de caducifolis,2002_Boscos d'aciculifolis,2002_Vegetació de zones humides,2002_Sòls amb vegetació escassa o nul·la,2002_Zones cremades,2002_Sorrals i platges,NODATA->Sense dades_3,2007_Aigües continentals,2007_Infraestructures viaries,2007_Urba,2007_Conreus herbacis,2007_Conreus llenyosos,2007_Matollars,2007_Boscos d'esclerofil·les,2007_Boscos de caducifolis,2007_Boscos d'aciculifolis,2007_Vegetació de zones humides,2007_Sòls amb vegetació escassa o nul·la,2007_Zones cremades,2007_Sorrals i platges,NODATA->Sense dades_4,2012_Aigües continentals,2012_Infraestructures viaries,2012_Urba,2012_Conreus herbacis,2012_Conreus llenyosos,2012_Matollars,2012_Boscos d'esclerofil·les,2012_Boscos de caducifolis,2012_Boscos d'aciculifolis,2012_Vegetació de zones humides,2012_Sòls amb vegetació escassa o nul·la,2012_Zones cremades,2012_Sorrals i platges,NODATA->Sense dades_5,2017_Aigües continentals,2017_Infraestructures viaries,2017_Urba,2017_Conreus herbacis,2017_Conreus llenyosos,2017_Matollars,2017_Boscos d'esclerofil·les,2017_Boscos de caducifolis,2017_Boscos d'aciculifolis,2017_Vegetació de zones humides,2017_Sòls amb vegetació escassa o nul·la,2017_Zones cremades,2017_Sorrals i platges,NODATA->Sense dades_6
Abrera,0,0,18.4,13.27,21.92,24.01,1.46,0.26,16.88,0,3.8,0,0,0,1.18,1.89,14.34,10.51,15.14,29.13,0.56,0.14,17.36,0,9.75,0,0,0.96,4.46,19.48,12.11,11.85,28.93,0.36,1.33,9.86,0,10.66,0,0,0,0.58,4.7,20.84,13.63,10.47,29.15,0.33,1.1,9.73,0,9.47,0,0,0,0.94,3.57,23.25,16.06,6.62,26.83,0.11,0.85,16.76,0,5.02,0,0,0,0.73,3.57,23.25,19.76,4.66,31.3,0.23,2.41,9.45,0,4.65,0,0,0,1.02,3.52,24.07,19.29,4.72,25.09,0.26,1.9,16.84,0.06,3.22,0,0,0
Aiguafreda,0,0,7.47,3.67,0,32.21,14.21,0.54,41.36,0,0.53,0,0,0,0,0.23,9.11,4.2,0,24.27,12.46,0.39,49.16,0,0.19,0,0,0,0.67,8.11,2.65,0,21.77,12.75,0.36,53.54,0,0.15,0,0,0,0,1.13,8.56,3.33,0,18.21,14.44,0.56,52.91,0,0.85,0,0,0,0,0.99,10.71,1.24,0,5.56,26.91,8.07,46.53,0,0,0,0,0,0,0.99,10.73,1.63,0,4.94,23.08,8.63,50,0,0,0,0,0,0,0.99,11.41,2.2,0,3.19,25.71,5.67,50.78,0,0.06,0,0,0
Alella,0,1.75,24.07,10.77,20.28,26.64,2.64,0,13.3,0,0.55,0,0,0,0,3.14,27.33,6.91,9.99,35.93,1.98,0,13.63,0,1.1,0,0,0,3.99,34.5,8.62,7.08,21.15,1.3,0,18.94,0,4.42,0,0,0,0,4.12,34.39,9.13,7.21,21.29,1.36,0,18.86,0,3.64,0,0,0,0,1.93,29.2,7.23,5.66,37.62,3.6,0.29,12.63,0,1.82,0,0,0,0,1.92,29.21,3.72,9.37,35.42,6.2,0.46,12.71,0,0.99,0,0,0,0,1.89,31.11,2.02,8.91,31.72,8.07,0,15.73,0,0.55,0,0,0
AMB,0.03,3.07,26.28,11.88,2.5,29.39,3.13,0.04,18.11,1.07,3.23,0.12,0.42,0.74,0.21,4.65,28.72,10.22,2.44,24.61,2.01,0.06,19.14,0.93,5.88,0.27,0.86,0.31,6.93,33.39,8.3,2.37,21.36,2.05,0.1,16.11,0.52,7.32,0.08,0.29,0.84,0.3,7.95,33.58,7.93,2.06,20.76,2.16,0.18,16.29,0.48,7.08,0.46,0.24,0.54,0.33,6.47,33.87,8.2,1.74,19.29,0.9,0.48,22.23,0.28,5.72,0,0.35,0.14,0.44,6.67,33.93,10.3,0.96,24.79,3.74,0.69,14.24,0.21,3.66,0.02,0.32,0.02,0.42,6.65,35.05,9.65,1.2,19.69,3.2,0.51,20.59,0.34,2.44,0.02,0.21,0.04
Arenys de Mar,0,1.33,19.25,31.49,33.79,5.19,0,0,2.83,0,2.39,0,2.14,1.59,0,1.42,21.83,47.98,13.55,1.81,0,0,5.97,0,2.81,2,2.62,0,19.37,27.54,28.36,0.4,1.69,0,0,9.91,0,9.24,0,3.24,0.24,0,19.1,27.35,28.56,0.24,1.68,0,0,9.72,0,9.49,0,3.38,0.5,0,12.6,30.56,11.1,0,32.96,0,0,6.16,0,4.3,0,2.18,0.15,0,12.67,30.44,9.44,0.27,36,0,0,6.02,0,2.69,0,2.37,0.1,0,12.63,33.05,6.03,0,36.32,0.22,0,7.29,0,2.76,0,1.45,0.24
Arenys de Munt,0,0,4.87,14.51,28.27,25.99,9.63,2.85,13.22,0,0.67,0,0,0,0,0,6.5,24.51,16.35,13.94,13.52,1.81,23.26,0,0.12,0,0,0,0.93,8.51,19.37,9.62,10.19,16.58,1.93,30.04,0,2.84,0,0,0,0,0.95,8.64,19.81,9.05,10.25,16.46,1.66,30.39,0,2.8,0,0,0,0,0.34,10.11,2.28,0,36.58,24.64,1.56,23.52,0,0.99,0,0,0,0,0.34,10.07,2.53,0.3,38.94,23.88,2.17,20.97,0,0.8,0,0,0,0,0.34,11.04,3.58,0.22,28.69,25.41,0.91,29.4,0,0.41,0,0,0
Argentona,0,0,4.82,21.27,2.05,16.79,7.55,0.31,46.79,0,0.42,0,0,0,0,0,9.02,21.78,0.21,11.73,6.14,0,50.23,0,0.89,0,0,0,6.28,16.89,13.6,0.07,7.27,5.25,0.2,49.14,0,1.29,0,0,0,0,6.33,16.8,13.58,0.05,7.05,5.38,0.21,49.25,0,1.34,0,0,0,0,2.87,14.35,7.32,0.12,19.24,11.52,1.02,42.08,0,1.47,0,0,0,0.03,2.89,14.35,8.77,0.06,21.17,14.42,1.27,36.57,0,0.46,0,0,0,0,2.67,15.26,8.5,0.09,11.08,13.69,0.55,47.69,0,0.48,0,0,0
Avinyonet del Penedès,0,0.49,0.54,2.02,41.94,25,0,0.56,3.45,0,2.46,23.54,0,0,0,0.49,2.2,0.36,45.09,43.2,0,0.5,6.88,0,1.28,0,0,0,0.67,3.11,1.09,44.43,36.8,0,1.24,9.39,0,0.65,2.62,0,0,0,0.72,2.93,1.67,44.6,34.67,0,1.13,9.01,0,0.48,4.78,0,0,0,0.56,4.32,1.04,44.38,32.07,0.04,1.56,15.82,0,0.21,0,0,0,0,0.56,4.32,1.86,45.19,31.45,0.03,1.15,15.27,0,0.17,0,0,0,0,0.56,4.64,2.32,45.92,30.13,0.07,0.42,15.69,0,0.24,0,0,0
B30,0,1.89,20.48,26.14,2.46,16.16,4.47,0.09,25.64,0,2.16,0.51,0,0,0.06,3.38,22.08,24.09,1.56,13.72,3.28,0.04,26.21,0,5.58,0,0,0.08,4.94,28.16,20.41,1.26,11.22,3.98,0.48,22.13,0,7.36,0,0,0,0.08,5.36,28.51,19.53,1.22,10.86,4.03,0.49,21.97,0,7.7,0.25,0,0,0.02,3.95,30.06,17.84,0.82,14.43,2.62,0.79,26.01,0,3.46,0,0,0,0.09,3.95,30.1,19.22,0.51,18.12,4.75,0.99,19.61,0,2.67,0,0,0,0.11,3.92,31.37,19.06,0.97,12.64,4.14,0.98,25.22,0.01,1.53,0.05,0,0
Badalona,0,2.44,42.33,1.11,3.53,42.33,0.79,0,2.77,0,3.29,0,1.26,0.13,0,3.13,48.39,2.79,0.3,29.26,0,0.26,5.08,0,9.3,1.25,0.25,0,8.25,45.9,2.14,0.45,30.08,0,0,3.14,0,8.8,0,0.54,0.71,0,8.25,47.8,2.62,0.48,24.31,0,0,2.83,0,8.14,4.83,0.45,0.3,0,6.95,47.04,1.69,0.7,32.66,1.2,0.05,2.94,0,5.9,0,0.83,0.04,0.02,6.98,47.42,3.78,0.14,33.16,1.89,0.31,2.48,0,3.01,0,0.81,0.01,0,6.87,48.83,3.02,0.38,32.01,1.01,0.32,4.3,0,2.35,0.24,0.61,0.06
Badia del Vallès,0,21.5,68.66,7.62,0.68,1.54,0,0,0,0,0,0,0,0,0,27.19,58.63,3.47,0,4.92,0,0,0,0,5.79,0,0,0,33.46,56.41,0.58,0,1.93,0,0,0,0,7.62,0,0,0,0,34.33,52.36,0.77,0,3.18,0,0,0,0,9.35,0,0,0,0,15.04,64.71,2.31,0,6.75,0,0,0.87,0,10.32,0,0,0,0,15.33,64.9,2.22,0,9.84,0,0,0.19,0.96,6.56,0,0,0,0,15.14,67.41,1.35,0.58,9.84,0,0,3.38,0,2.31,0,0,0
Barberà del Vallès,0,3.98,48.73,31.48,1.78,7.46,0,0,2.14,0,4.42,0,0,0,0,7.2,52.71,28.43,0,2.62,0,0,1.92,0,7.12,0,0,0,8.6,60.58,14.55,0,2.56,0,0.07,1.81,0,11.83,0,0,0,0,9.2,61.24,13.29,0,2.75,0,0,1.84,0,11.67,0,0,0,0,8.8,60.78,11.74,0.36,11,0,0.47,2.21,0,4.63,0,0,0,0,8.8,60.83,16.32,0,8.64,0.05,0.5,1.22,0,3.63,0,0,0,0,8.77,61.99,14.07,1.31,5.85,0,2.28,3.75,0,1.98,0,0,0
Barcelona,0.1,6.05,57.66,3.39,0.07,14.44,6.01,0,5.91,0.04,4.33,0,0.5,1.5,0.21,8.67,62.1,0.11,0,11.16,4.13,0,7.48,0,3.69,0.46,2,0.29,10.35,68.98,0.07,0,6.36,3.61,0.16,6.05,0,2.17,0,0.21,1.76,0.21,11.69,65.72,0.32,0,7.54,3.82,0.63,7.21,0,1.86,0,0.23,0.77,0.06,10.11,61.98,1.07,0,7.51,0.77,0.58,12.45,0.01,5.08,0,0.22,0.16,0.1,10.2,62,1.55,0.1,10.12,4.34,0.85,6.07,0.02,4.27,0.1,0.24,0.05,0.07,10.13,63.08,1.17,0.09,7.68,3.78,0.77,10.18,0.03,2.74,0,0.2,0.08
Begues,0,0,2.66,4.69,1.87,58.07,0.11,0,30.01,0,2.59,0,0,0,0,0,3.06,5.37,1.14,61.48,0.06,0,27.25,0,1.64,0,0,0,0,5.85,3.56,1.43,65.77,0.9,0,19.22,0,3.26,0,0,0,0,0,5.85,3.45,1.45,65.43,0.85,0,19.69,0,3.26,0,0,0,0,0.73,5.73,2.92,1.34,60.2,0.88,0.41,26.33,0,1.47,0,0,0,0.02,0.73,5.75,2.83,0.92,64.05,2.01,0.5,21.58,0,1.61,0,0,0,0,0.73,6.08,3.16,1.51,58.13,4.12,0.01,24.84,0,1.42,0,0,0
Bigues i Riells,0,0,12.04,20.61,4.3,10.49,0.58,1.72,47.26,0,3,0,0,0,0,0,15.15,21.52,3,5.73,0.39,1.8,50.66,0,1.74,0,0,0,0,21.51,16.5,3.18,23.32,0.31,0.51,32.25,0,2.42,0,0,0,0,0,21.93,15.11,3.66,22.41,0.56,1.91,30.97,0,3.45,0,0,0,0,0,21.44,8.11,0.69,22.56,4.96,2.93,38.68,0,0.63,0,0,0,0,0,21.44,7.26,0.31,25.82,5.95,3.29,34.99,0,0.94,0,0,0,0,0,22.52,8.57,1.56,20.28,11.07,1.85,33.36,0,0.79,0,0,0
Cànoves i Samalús,0,0,2.99,23.34,2.5,5.47,26.48,2.1,36.54,0,0.59,0,0,0,0.26,0,3.62,23.52,1.05,2.06,38.51,1.06,29.75,0,0.18,0,0,0.18,0,3.78,21.11,0.94,3.04,40.31,1.06,29.49,0,0.09,0,0,0,0.25,0,4.27,19.42,0.64,3.29,39.66,2.63,29.52,0,0.32,0,0,0,0.18,0.15,6.7,11.3,0.23,9.59,45.89,5.17,20.78,0,0,0,0,0,0.21,0.15,6.71,11.18,0.11,9.23,39.29,6.79,26.29,0,0.03,0,0,0,0.14,0.15,7.19,13.39,0.92,4.76,48.54,2.13,22.67,0,0.11,0,0,0
Cabrera de Mar,0,1.8,11.65,49.97,0,9.7,0.54,0,25.43,0,0.76,0,0.11,0.04,0,5.01,12.63,44.03,0,10.23,0.42,0,24.28,0,2.85,0.48,0.06,0,10.52,22.94,33.07,0,7.02,0.37,0,19.73,0,4.66,0,1.2,0.49,0,10.58,22.92,33.25,0,7.21,0.28,0,19.69,0,4.56,0,1.22,0.29,0,5.07,27.6,24.52,1.18,15.11,1.38,0,20.48,0,3.7,0.59,0.36,0,0,5.07,27.6,26.33,0.73,16.63,1.86,0,18.35,0.05,3.01,0,0.37,0,0,5.04,29.67,25.25,1.73,9.91,4.64,0.05,21.84,0,1.33,0,0.22,0.3
Cabrils,0,1.16,28.58,17.27,1.22,16.54,2.35,0,32.23,0,0.65,0,0,0,0,1.99,34.48,12.97,0,14.93,2.09,0,33.05,0,0.48,0,0,0,2.72,50.32,8.12,0,5.64,1.56,0,30.17,0,1.47,0,0,0,0,2.81,50.84,8.64,0,5.21,1.32,0,29.95,0,1.24,0,0,0,0,1.18,44.48,5.16,0,15.88,5.74,0,25.37,0,1.28,0.92,0,0,0,1.18,44.44,5.12,0,18.84,6.34,0,22.8,0,1.29,0,0,0,0,1.16,46.37,5.7,0.47,7.2,8.66,0,30.27,0,0.17,0,0,0
Caldes de Montbui,0,0,5.66,25.33,6.02,7.12,18.92,0.02,35.97,0,0.95,0,0,0,0.09,0,9.84,27.13,2.7,3.99,14.5,0.04,41.35,0,0.36,0,0,0.06,0,14.76,22.86,3.41,3.98,15.14,0.31,38.3,0,1.17,0,0,0,0.06,0,14.88,23.26,3.48,3.7,15.18,0.51,38.11,0,0.83,0,0,0,0.04,0,14.28,16.19,0.47,13.47,5.94,3.43,45.96,0,0.22,0,0,0,0.05,0,14.28,17.54,1.15,15.72,6.64,1.81,42.28,0,0.53,0,0,0,0.08,0,15.17,18.43,1.71,8.29,6.99,1.18,47.89,0,0.27,0,0,0
Caldes d'Estrac,0,0,36.34,15.2,5.1,15.52,0,0,10.52,0,5.84,0,9.78,1.7,0,0,39.53,18.49,0,0.32,0,0,28.37,0,1.7,6.91,4.68,0,5.84,43.36,0,0,0,0,0,14.88,0,28.16,0,6.91,0.85,0,6.48,44.95,0,0,0,0,0,13.18,0,27.31,0,7.97,0.11,0,6.59,63.23,0,0,12.86,0,0,10.73,0,0,0,6.48,0.11,0,6.59,63.23,0,0,14.56,0,0,9.03,0,0,0,5.95,0.64,0,6.59,65.46,0,0,11.16,0,0,10.31,0,0,0,5.84,0.64
Calella,0,0,14.43,25.31,14.24,32.57,4.63,0.26,4.76,0,0.55,0,3.13,0.13,0,0,17.08,34.05,5.79,22.13,4.68,0,10.49,0,1.68,3.48,0.62,0,8.89,13.9,29.1,0.76,15.85,9.16,0,11.32,0,8.72,0,1.79,0.51,0,8.56,16.25,28.02,0.75,18.67,5.97,0,11.46,0,7.81,0,1.98,0.53,0,5.16,21.25,5.23,0,38.06,17.23,0.8,8.4,0,1.52,0,2.34,0.01,0,5.16,21.3,4.45,0,46.84,10.32,0.86,8.07,0,0.49,0,2.36,0.15,0,5.16,22.38,2,0,43.62,13.55,0,10.35,0,0.66,0,2.28,0
Campins,0,0,0,18.41,0,4.85,49.23,1.81,25.71,0,0,0,0,0,0,0,0.63,19.57,0,0,54.07,1.55,24.18,0,0,0,0,0,0,0.62,15.66,0,4.29,53.3,0.63,25.51,0,0,0,0,0,0,0,1.79,14.54,0,5.76,49.94,2.6,25.37,0,0,0,0,0,0,0,6.03,3.8,0,7.95,55.33,6.32,20.56,0,0,0,0,0,0,0,6.03,5.42,0,9.9,57.38,5.25,16.02,0,0,0,0,0,0,0,6.78,7.08,0,4.6,49.01,4.08,28.46,0,0,0,0,0
Canet de Mar,0,0,16.05,28.38,17.84,21.39,0.29,0,8.84,0,2.44,0,4.06,0.71,0,0,18.66,37.05,8.3,3.85,0.1,0,26.19,0,2.01,2.42,1.41,0,5.26,18.66,29.03,0.91,4.55,0.24,0,28.98,0,8.92,0,2.18,1.27,0,5.39,20.87,29.22,1.02,3.98,0.08,0,28.59,0,7.18,0,2.62,1.04,0,4.01,31.25,4.39,0,26.22,0.67,0,26.93,0,3.91,0,2.45,0.16,0,4.04,31.56,5.62,0,29.52,0.5,0,24.22,0,1.43,0,2.88,0.23,0,3.7,32.68,1.58,0,30.88,0.47,0,26.38,0,1.43,0,2.81,0.06
Canovelles,0,0,18.49,57.8,0,5.11,0,0,15.3,0,3.3,0,0,0,0,2.12,28.27,53.87,0,0.32,0,0,15.12,0,0.3,0,0,0,6.64,34.81,37.47,0,0,0,2.04,17.27,0,1.76,0,0,0,0,7.03,36.27,35.99,0,0,0,2.18,16.92,0,1.61,0,0,0,0,4.24,41.05,31.13,0,9.54,0.71,0.56,10.35,0,2.42,0,0,0,0,4.24,41.05,33.49,0,9.49,1.22,0.21,7.85,0,2.46,0,0,0,0,4.24,42.49,34.03,0.03,2.87,0.49,0.26,14.24,0,1.35,0,0,0
Canyelles,0,0,20.82,0.61,14.04,51.11,0,0,11.63,0,1.8,0,0,0,0,0,16,0.14,8.81,59.98,0,0,13.75,0,1.32,0,0,0,0,27.06,0,9.31,44.6,0,0,17.16,0,1.7,0.16,0,0,0,0,27.34,0,9.2,44.74,0,0,17.1,0,1.61,0,0,0,0,0,27.03,0.97,8.72,45.21,0,0,16.94,0,1.13,0,0,0,0,0,27.03,2.44,7.65,44.73,0,0,16.83,0,1.32,0,0,0,0,0,28.52,3.71,6.27,36.16,0,0,25.08,0,0.26,0,0,0
Cardedeu,0,0.43,10.16,72.44,0,5.98,0.22,0,10.31,0,0.47,0,0,0,0,1.14,16.92,70.91,0,0.47,0.07,0,10.35,0,0.12,0,0,0,1.67,19.83,61.06,0,0,0,0.9,15.31,0,1.23,0,0,0,0,1.73,19.7,59.11,0,0.09,0,2.33,14.75,0,2.29,0,0,0,0,2.29,27.49,44,0.05,11.78,0.68,0.72,10.74,0,2.25,0,0,0,0,2.29,27.49,46.61,0.24,10.71,1.51,0.43,9.32,0,1.4,0,0,0,0,2.27,28.92,46.96,2.49,4.26,0.77,0.53,12.64,0,0.54,0.63,0,0
Castellar del Vallès,0,0,6.49,7.74,3.47,10.19,9.6,0,60.84,0,1.67,0,0,0,0,0,8.79,7.21,1.8,10.87,7.05,0,61.28,0,3.01,0,0,0,0,15.26,6.18,1.86,9.29,13.26,1.52,49.84,0,2.79,0,0,0,0,0,15.54,6.41,1.45,9.14,13.32,1.55,49.78,0,2.81,0,0,0,0,0.17,13.91,5.83,0.22,11.79,6.41,0.5,59.77,0,1.41,0,0,0,0,0.17,13.9,4.88,0.34,18.55,7.33,0.49,53.2,0,1.14,0,0,0,0,0.17,14.67,5.76,0.68,10.74,7.22,1.34,58.68,0,0.75,0,0,0
Castellbisbal,0,4.38,16.25,6.67,8.66,38.83,2.17,0.64,21.22,0,1.17,0,0,0,0.52,2.89,14.66,4.57,4.71,40.25,1.99,0.12,20.54,0,9.76,0,0,0.73,6.13,21.77,6.5,5.21,36.34,0.55,0,8.99,0,13.79,0,0,0,0.82,6.96,23.37,6.11,5.05,32.15,0.53,0,8.69,0,12.39,3.94,0,0,0.15,5.62,21.73,8.47,3.62,39.93,0.1,0.14,14.64,0,5.6,0,0,0,0.74,5.62,21.73,12.05,1.59,47.78,0.26,0.34,7.22,0,2.66,0,0,0,0.96,5.62,22.69,11.06,2.57,45.38,0.14,0.26,9.86,0.1,1.37,0,0,0
Castellcir,0,0,0.33,14.98,0,37.67,1.85,2.78,41.97,0,0.41,0,0,0,0,0,0.87,16.93,0,21.85,0.97,5.71,53.53,0,0.14,0,0,0,0,0.89,13.7,0,20.53,0.52,10.06,53.96,0,0.35,0,0,0,0.07,0,0.86,14.99,0,16.91,2.98,11.58,52.21,0,0.4,0,0,0,0,0,1.93,8.98,0,20.75,12,15.92,40.42,0,0,0,0,0,0,0,1.93,12.57,0,21.03,2.96,17.56,43.95,0,0,0,0,0,0,0,2.12,18.67,0.2,8.72,3.06,13.73,53.23,0,0.27,0,0,0
Castelldefels,0,0,42.98,3.53,0,39.61,0,0,4.61,0,2.99,0,3.72,2.57,1.37,7.29,43.01,3.7,0,26.93,0,0,2.3,0,8.94,3.37,3.08,1.1,10.3,47.69,1.3,0,19.72,0,0,5.14,0,8.51,0,4.06,2.18,1.24,10.42,48.6,1.44,0,15.18,0,0,4.33,0,10.07,4.8,2.74,1.16,1.58,6.05,52.11,4.12,0.6,19.09,0,0,8.47,0,3.37,0,4.17,0.44,1.69,6.05,52.09,3.25,0.37,20.89,0,0,6.97,0.28,4.32,0,4.02,0.06,1.27,6.01,54.12,2.7,0.15,19.32,0,0.37,9.23,0,3.73,0,3.09,0.01
Castellet i la Gornal,0.46,0.85,3.23,5.11,31.79,37.2,0,0.15,9.19,0,6.06,5.96,0,0,1.1,1.15,2.9,2.06,32.65,45.16,0,0,11.66,0,3.33,0,0,1.53,2.04,5.15,1.48,33.29,37.24,0,0.64,13.78,0,4.83,0,0,0,1.52,2.04,5.22,1.47,33.2,37.25,0,0.64,13.8,0,4.86,0,0,0,1.39,0.95,5.38,4.4,33.92,30.41,0,0.95,20.91,0.05,1.64,0,0,0,1.33,0.95,5.38,3.45,34.2,25.2,0,1.29,22.36,0.04,1.41,4.39,0,0,1.19,0.95,5.83,4.6,33.91,30.36,0,0.53,21,0.21,1.42,0,0,0
Castellterçol,0,0,1.76,18.8,0,15.39,4.37,1.21,58.26,0,0.21,0,0,0,0,0,2.89,16.51,0,10.67,4.95,0.52,64.36,0,0.09,0,0,0,0,3.04,16.34,0,9.65,4.04,5.73,61.1,0,0.12,0,0,0,0,0,3.03,16.27,0,9.33,4.1,5.47,61.71,0,0.09,0,0,0,0,0,3.29,11.25,0,19.58,12.76,6.31,46.81,0,0,0,0,0,0,0,3.29,15.88,0,17.62,4.86,9.59,48.73,0,0.01,0,0,0,0,0,3.52,17.8,0,8.63,5.16,5.11,59.61,0,0.16,0,0,0
Castellví de la Marca,0,0.69,0.43,4.73,56.88,13.82,0,0.14,14.4,0,8.91,0,0,0,0,0.95,2.07,1.57,61.51,11.96,0.11,0.04,18.54,0,3.24,0,0,0,2.16,2.57,3.35,61.56,15.06,0.23,0.37,11.99,0,2.71,0,0,0,0,2.18,2.62,3.26,61.28,15.7,0.19,0.4,11.72,0,2.65,0,0,0,0,0.67,4.11,3.39,58.61,16.33,0.02,2.1,14.69,0,0.09,0,0,0,0,0.67,4.11,4.02,58.97,14.41,0.06,2.21,15.36,0,0.19,0,0,0,0,0.67,4.68,5.96,58.89,13.77,0.06,0.47,15.39,0,0.11,0,0,0
Castellví de Rosanes,0,2.82,1.02,1.25,4.75,16.57,18.02,0,55.57,0,0,0,0,0,0,2.25,5.12,0.05,6.37,16.5,15.29,0,54.2,0,0.21,0,0,0,2.48,7.73,0.12,5.98,14.12,14.61,0,53.28,0,1.69,0,0,0,0,3.12,7.81,0.1,5.08,13.88,14.86,0,52.83,0,2.32,0,0,0,0,1.11,8.05,2.88,3.73,14.29,9.41,2.21,58.25,0,0.06,0,0,0,0,1.11,8.05,3.83,3.54,27.15,18.32,0.87,37.14,0,0,0,0,0,0,1.21,8.62,2,5.29,12.43,17.72,0.41,52.25,0,0.06,0,0,0
Cerdanyola del Vallès,0,3.28,17.98,14.06,0.76,17.24,7.55,0.06,36.81,0,2.26,0,0,0,0,3.66,22.53,12.33,0.13,12.62,4.04,0.24,39.87,0,4.58,0,0,0,3.96,26.22,10.75,0.11,8.97,4.59,0,38.07,0,7.33,0,0,0,0,4.17,26.62,10.07,0.14,8.91,5.31,0,37.5,0,7.28,0,0,0,0,2.78,26.55,13.21,0,8.14,1.18,0.33,44.31,0,3.51,0,0,0,0,2.8,26.58,14.28,0.14,13.41,7.52,0.76,31.7,0,2.81,0,0,0,0,2.8,27.69,13.7,0.59,6.5,1.75,0.66,44.9,0,1.41,0,0,0
Cervelló,0,0,6.32,0.7,0.45,34.89,3.4,0,51.09,0,0.97,2.19,0,0,0,0,8.42,0,1.86,32.1,1,0,55.44,0,1.18,0,0,0,0,20.08,0.22,1.7,22.35,1.95,0,48.96,0,4.73,0,0,0,0,2.98,19.76,0.23,1.6,20.29,1.9,0,48.73,0,4.52,0,0,0,0,1.21,16.48,0.37,0.87,18.3,1.17,0.78,58.02,0,2.8,0,0,0,0,1.21,16.5,0.5,0.6,28.66,4.82,0.93,44.57,0,2.23,0,0,0,0,1.21,17.52,0.28,0.73,12.38,5.01,0.31,60.5,0,2.05,0,0,0
Collbató,0,0,5.81,5.09,2.67,36.46,15.51,0.45,22.34,0,0.2,11.47,0,0,0.07,2.26,8.44,3.05,4.61,42.55,8.67,0,25.53,0,4.83,0,0,0.19,4.82,7.55,3.44,3.9,55.94,4.61,0.09,12,0,7.46,0,0,0,0.08,4.7,7.6,4.85,4.37,50.97,4.29,0.08,11.25,0,11.82,0,0,0,0.15,1.98,12.25,2.84,2.46,55.62,6.46,1.64,16.42,0,0.18,0,0,0,0.21,1.98,12.25,3.87,2.55,54.71,3,8.64,12.19,0,0.61,0,0,0,0.28,1.98,12.63,3.53,2.35,48.06,10.2,0.23,12.26,0,8.48,0,0,0
Corbera de Llobregat,0,0,16.29,0.25,0.16,41.87,3.96,0,36.34,0,0,1.13,0,0,0,0,19.68,0,0.46,41.69,2.29,0,35.67,0,0.22,0,0,0,0.6,39.19,0.08,1.37,21.99,2.58,0,31.14,0,3.04,0,0,0,0,0.56,39.62,0.05,1.42,22.23,2.54,0,31.65,0,1.94,0,0,0,0,0.37,34.97,0.13,0,16.84,1.82,0.67,44.79,0,0.4,0,0,0,0.07,0.37,35.32,0.91,0.35,24.61,6.92,0.4,30.91,0,0.12,0,0,0,0.06,0.37,37.15,0.69,0.22,11.35,3.5,0.57,45.97,0,0.13,0,0,0
Cornellà de Llobregat,0,5.34,59.98,28.15,5.12,1.06,0,0,0,0,0.36,0,0,0,0.46,11.81,60.01,9.72,3.47,8.79,0,0,0,0,5.75,0,0,1.19,13.09,65.49,6.48,3.04,1.97,0,0,0,0,8.74,0,0,0,1.46,16.57,64.47,5.68,3.14,1.91,0,0,0,0,6.77,0,0,0,0.05,12.17,63.37,8.94,6.6,0.3,0,0,0,0,8.57,0,0,0,0.39,12.24,63.4,15.69,3.17,0.48,0,1.03,0,0.01,3.6,0,0,0,0.37,12.24,63.98,14.78,3.4,1.84,0,0.23,0.61,0.35,2.19,0,0,0
Cubelles,0,0.91,24.51,7.24,21.29,28.15,0,0,8.68,0,6.65,0,1.58,0.98,0,0.76,19.44,1.16,20.5,33.67,0,0,11.93,0,10.17,0.9,1.48,0,6.85,28.11,0.47,16.04,19.36,0,0,14.34,0,12.8,0,0.56,1.48,0,6.65,28.4,0.49,15.81,19.6,0,0,14.26,0,12.52,0,1.54,0.73,0.25,3.41,33.28,8.48,13.96,19.96,0,0,16.64,0,2.3,0,1.39,0.33,0,3.44,33.26,12.71,8.78,18.13,0,0,19.58,0,2.31,0.11,1.42,0.26,0,3.44,34.68,13.15,8.19,16.05,0,0,21.9,0.45,0.92,0,1.07,0.14
Dosrius,0,0,1.81,9.47,0.56,7.37,28.85,1.97,49.85,0,0.14,0,0,0,0,0,3.87,9.44,0.18,4.95,28.75,0.75,52,0,0.07,0,0,0,0,7.73,8.77,0.07,2.41,24.69,1.71,53.65,0,0.96,0,0,0,0,0,7.86,8.95,0.09,2.76,23,1.4,54.98,0,0.96,0,0,0,0,0,8.98,1.94,0,9.89,36.59,3.83,38.24,0,0.53,0,0,0,0,0,8.98,2.42,0.08,10.25,40.9,4.09,32.87,0,0.41,0,0,0,0,0,9.76,3.84,0.22,4.56,27.43,3.87,49.84,0,0.49,0,0,0
el Masnou,0,5.22,44.3,36.65,0.62,4.03,0,0,0,0,0,0,7.88,1.29,0,7.11,51.56,26.73,0.03,1.19,0,0,0,0,1.63,7.29,4.47,0,8.09,60.43,10.6,0,4.03,0,0,0,0,7.93,0,4.76,4.16,0,7.96,60.66,15.25,0,2.43,0,0,0,0,4.57,0,4.68,4.45,0,10.86,60.4,3.15,0,4.39,0,0,0,0,17.27,0,3.7,0.23,0,10.62,60.38,12.12,0,6.31,0,0,0.21,0,5.89,0,4.16,0.31,0,10.57,62.42,8.04,0.16,11.32,0,0,0.39,0,1.09,0,5.17,0.85
el Papiol,0,9.89,10.69,3.38,5.04,38.5,0.5,0,28.29,0.18,3.53,0,0,0,1.09,8.7,10.69,1.18,8.88,27.88,0.11,0,28.12,0,13.35,0,0,0.16,9.48,9.3,2.45,9.09,16.28,0,0,31.2,0,22.03,0,0,0,0.36,10.54,9.2,2.41,8.85,15.66,0,0,30.19,0,22.8,0,0,0,0.01,7.08,14.64,4.25,5.22,20.61,0,0.13,31.69,0,16.37,0,0,0,0.51,7.08,14.64,8.82,5.35,33.25,1.53,0,20.18,0,8.65,0,0,0,0.56,7.07,15.8,9.35,5.8,24.4,1.76,0,29.31,0.01,5.94,0,0,0
el Pla del Penedès,0,0,2.7,6.57,74.95,11.19,0,1.48,0.72,0,2.4,0,0,0,0,0,2.24,1.75,78.93,13.5,0,1.27,1.13,0,1.18,0,0,0,0,2.64,2.81,81.83,2.6,0,8.2,1.77,0,0.15,0,0,0,0,0,2.79,2.76,79.71,7.33,0,6.1,1.14,0,0.16,0,0,0,0,0.45,5.46,2.21,74.83,9.57,0,4.75,2.2,0,0.52,0,0,0,0,0.45,5.46,4,75.43,10.16,0,2.14,2.31,0,0.05,0,0,0,0,0.45,5.99,4.32,74.46,3.9,0,2.11,8.36,0,0.4,0,0,0
el Prat de Llobregat,0.28,10.33,16.82,36.16,0.43,7.68,0,0,3.77,10.31,4.83,0,1.95,7.44,0.44,7.93,17.71,32.47,0.03,7.16,0,0,3.18,10,13.09,0.31,7.67,0.91,17.05,13.23,25.61,0.2,15.17,0.09,0.18,3.03,3.85,11.24,0,1.39,8.04,1.01,19.39,15.7,24.38,0.47,11.77,0.11,0.18,3.3,3.22,12.59,0,0.97,6.9,3.48,24.77,27.59,16.49,0.05,1.56,0,0,1.97,2.9,17.8,0,1.69,1.71,3.31,26.77,27.51,18.98,0.06,5.1,0,0,1.8,2.47,12.82,0,1.1,0.08,2.78,27.02,27.96,17.9,0.28,7.44,0,0.05,2.09,3.09,10.54,0,0.63,0.21
Esparreguera,0,0,15.78,9.07,14.63,22.14,3.66,1.68,21.1,0,0.9,11.05,0,0,0.51,1.37,13.51,6.29,13.8,33.61,1.33,0.28,24.74,0,4.57,0,0,0.67,3.99,15.9,6.25,13.04,44.96,0.36,0.17,8.6,0,6.06,0,0,0,0.53,4.05,16.47,6.53,11.78,43.91,0.33,0.16,8.95,0,7.3,0,0,0,0.76,2.58,16.22,6.02,5.19,41.15,0.26,2.9,21.69,0,3.2,0,0,0,0.75,2.58,16.22,7.31,6.75,46.65,1.81,2.56,13.82,0,1.54,0,0,0,0.98,2.58,16.89,8.04,6.47,43.57,2.21,1.48,16.21,0,1.37,0.22,0,0
Esplugues de Llobregat,0,0.58,59.11,11.36,0.64,26.23,0,0,0.9,0,1.18,0,0,0,0,18.02,55.65,0,0,20.76,0,0,0,0,5.58,0,0,0,13.84,65.17,0,0,15.98,0,0,0.16,0,4.86,0,0,0,0,19.68,60.85,0,0,14.92,0,0,0.28,0,4.28,0,0,0,0,11.04,59.83,1.62,0.46,16.56,0,0,0.7,0.26,9.54,0,0,0,0,11.14,59.83,5.28,0,17.16,0,0.18,0.26,0.18,5.98,0,0,0,0,11.12,61.65,2.42,0.18,19.94,0,0.34,1.9,0,2.46,0,0,0
Figaró-Montmany,0,0,1.08,3.86,0.91,18.06,8.1,2.57,65.11,0,0.31,0,0,0,0,0.5,1.25,3.19,0.51,11.16,15.52,2.78,65.03,0,0.07,0,0,0,1.34,0.75,3.03,0.49,37.49,12.26,1.89,42.73,0,0,0,0,0,0,1.36,0.83,2.66,0.88,36.67,12.43,3.16,41.94,0,0.07,0,0,0,0,0.55,2.57,1.07,0.1,11.92,36.54,10.14,37.02,0,0.09,0,0,0,0,0.55,2.57,1.67,0,11.51,33.98,11.7,38.02,0,0,0,0,0,0,0.54,2.9,3.2,0,15.1,49.49,1.94,26.83,0,0,0,0,0
Fogars de Montclús,0.06,0,0,8.61,0,10.26,29.56,31.18,20.25,0,0.07,0,0,0,0.07,0,0.04,7.87,0,7.26,35.81,32.27,16.68,0,0,0,0,0.09,0,0.04,7.32,0,9.8,36.23,30.2,16.32,0,0,0,0,0,0.11,0,0.03,5.79,0,12.53,34.15,30.55,16.61,0,0.22,0,0,0,0.14,0,1.45,1.82,0.14,5.05,39.34,35.19,15.74,0,0.07,0,0,0,0.09,0,1.45,2.54,0.05,8.53,37.05,34.79,15.5,0,0,0,0,0,0.09,0,1.7,2.87,0.09,8.44,39,36.01,11.77,0,0.02,0,0,0
Font-rubí,0,0,0.56,8.39,54.78,17.05,0.5,1.19,14.22,0,3.31,0,0,0,0,0,1.3,3.82,59.58,17.45,0.78,1.04,14.71,0,1.32,0,0,0,0,2.34,4.28,61.37,10.17,0.84,5.61,15.1,0,0.3,0,0,0,0,0.58,2.41,5.16,59.79,12.77,0.23,4.35,13.53,0,0.27,0.9,0,0,0,0.17,3.92,3.63,54.36,14,1.03,2.95,19.91,0,0.03,0,0,0,0,0.17,3.92,3.42,56.83,11.17,1.61,1.87,20.78,0,0.01,0.21,0,0,0,0.17,4.42,5.4,57.69,9.52,0.36,1.14,21.26,0,0.03,0,0,0
Gallifa,0,0,0,9.65,0,15.5,14.5,0.8,59.49,0,0.07,0,0,0,0,0,1.8,5.45,0,11.45,16.08,0.12,65.11,0,0,0,0,0,0,1.84,4.96,0,9.55,18.29,1.98,63.37,0,0,0,0,0,0,0,1.82,4.95,0,9.52,17.78,1.76,64.18,0,0,0,0,0,0,0,1.84,3.95,0,26.58,22.18,2.56,42.89,0,0,0,0,0,0,0,1.84,5.18,0,29.38,15.7,3.89,44,0,0,0,0,0,0,0,2.08,5.45,0,24.57,20.09,0.76,46.99,0,0.07,0,0,0
Gavà,0,0,12.62,9.24,0.08,57.64,0.04,0,12.61,0,6.66,0,0.54,0.57,0,2.3,12.18,18.33,0.03,37.96,0.77,0,17.73,0.28,9.39,0.45,0.58,0.04,5.15,12.7,14.89,0.84,38.78,2.57,0,12.85,0,9.47,1.52,0.64,0.52,0.02,5.27,13.23,14.88,0.85,39.84,2.5,0,12.83,0,9.76,0.21,0.58,0.05,0.01,4.24,18.41,17.35,0.78,23.89,1.71,1.25,25.96,0.03,5.41,0,0.8,0.15,0.02,4.21,18.47,17.46,0.25,32.79,4.53,1.51,16.11,0.18,3.48,0,0.96,0.01,0.03,4.2,19.15,18.98,0.14,27.3,10.46,0.02,16.54,0.29,2.25,0,0.58,0.07
Gelida,0,3.3,4.66,5.49,19.67,30.9,0.42,0,29.02,0,1.42,5.11,0,0,0,2.57,4.18,1.33,19.32,39.85,0.24,0.33,30.54,0,1.64,0,0,0,2.84,8.1,5.68,20.16,28.32,0.61,0,29.08,0,5.21,0,0,0,0,3.43,8.23,5.69,20.26,27.48,0.64,0,29.11,0,5.17,0,0,0,0,1.23,8.22,3.14,25.1,24.31,4.28,1.73,31.06,0,0.92,0,0,0,0,1.23,8.23,4.74,25.21,30.15,6.32,0.76,22.5,0,0.84,0,0,0,0,1.33,8.91,3.41,26.71,14.79,6.77,0.43,36.88,0,0.77,0,0,0
Granera,0,0,0,7.7,0,7.95,1.66,0.74,81.9,0,0.05,0,0,0,0,0,1.29,4.95,0,5.18,4.11,0.08,84.39,0,0,0,0,0,0,1.45,4.86,0,4.42,3.62,1.78,83.87,0,0,0,0,0,0,0,1.37,4.71,0,4.37,3.9,1.4,84.13,0,0.12,0,0,0,0.02,0,1.01,2.46,0,51.18,12.94,3.42,28.98,0,0,0,0,0,0,0,1.01,3.73,0.06,50.34,4.62,5.93,34.31,0,0,0,0,0,0.05,0,1.16,5.53,0,42.13,5.75,2.36,42.97,0,0.05,0,0,0
Granollers,0,1.56,31.24,57.62,0,3.64,0,0,1.39,0,4.54,0,0,0,0,2.63,36.35,51.57,0,1.55,0,0,1.12,0,6.78,0,0,0,5.77,43.1,41.08,0,0.52,0,0,1.2,0,8.33,0,0,0,0,6.6,43.11,36.87,0,1.15,0,0,0.97,0,11.3,0,0,0,0,6.28,47.52,32.41,0.29,7.19,0,0,1.3,0,5.02,0,0,0,0,6.28,47.56,34.97,0,7.79,0,0,1.19,0,2.22,0,0,0,0,6.32,49.34,33.37,0.16,6.1,0,0,2.18,0,2.54,0,0,0
Gualba,0,0,0.76,11.63,0.11,7.99,52.05,7.63,19.51,0,0.33,0,0,0,0,0.27,1.39,10.79,0.05,4.43,56.77,6.4,19.56,0,0.34,0,0,0,0.09,1.65,7.71,0,39.96,22.09,13.14,11.49,0,3.89,0,0,0,0,0.07,2.19,5.98,0,34.79,25.15,15.92,13.61,0,2.27,0,0,0,0,0.27,5.91,2.63,0,9.19,53.11,14.15,14.15,0,0.58,0,0,0,0,0.27,5.91,3.33,0,11.31,55.31,12.92,10.49,0,0.45,0,0,0,0,0.27,6.43,4.03,0,9.59,44.56,11.07,23.89,0,0.16,0,0,0
la Garriga,0,0,13.08,22.54,4.61,4.49,3.06,2.47,46.81,0,2.93,0,0,0,0,2.23,13.65,25.3,2.15,1.86,1.98,2.55,49.1,0,1.19,0,0,0,4.79,14.59,20.87,2.07,2.93,2.22,1.65,49.16,0,1.73,0,0,0,0,4.94,15.73,16.85,4.79,5.13,2.82,0.63,47.38,0,1.73,0,0,0,0,2.58,18.12,11.07,1.09,16.22,10.42,0.9,38.28,0,1.3,0,0,0,0,2.58,18.09,11.7,1.21,17.19,12.18,1.13,35.34,0,0.58,0,0,0,0,2.58,18.88,12.14,2.23,10.09,15.37,0.12,38.45,0,0.14,0,0,0
la Granada,0,3.85,4.57,8.28,75.64,1.24,0,0.06,0.14,0,6.22,0,0,0,0,4.92,6.9,1.88,79.87,1.94,0,0.04,0.2,0,4.25,0,0,0,6.27,5.55,2.86,80.08,2.29,0,0.1,0.06,0,2.8,0,0,0,0,6.61,5.66,3.86,79.59,2.18,0,0.07,0.14,0,1.9,0,0,0,0,4.71,13.25,2.94,75.54,0.56,0,1.45,0.13,0,1.42,0,0,0,0,4.71,13.25,5.62,72.57,1.12,0,0.5,0.11,0,2.12,0,0,0,0,4.71,13.98,7.03,70.59,2.18,0,0.28,0.5,0,0.73,0,0,0
la Llagosta,0,5.67,27.34,55.36,0.42,3.7,0,0,0,0,7.52,0,0,0,0,16.92,35.27,38.32,0,1.88,0,0,0,0,7.61,0,0,0,27.04,28.59,28.44,0,0.09,0,2.33,0.9,0,12.62,0,0,0,0,27.04,28.98,26.62,0,3.37,0,5.07,0,0,8.92,0,0,0,0,15.91,35.72,33.15,0,1.94,0,0.3,0,0,12.98,0,0,0,0,15.91,35.87,42.73,0.03,2.18,0,0,0.18,0,3.1,0,0,0,0.21,15.91,36.68,39,0.3,3.25,0,0.78,1.01,0,2.86,0,0,0
la Palma de Cervelló,0,0,4.66,2.32,0.37,39.11,4.39,0,48.81,0,0.33,0,0,0,0,0,8.09,0.89,2.71,34.01,1.9,0,52.21,0,0.2,0,0,0,0,13.28,0.65,1.12,22.55,2.26,0,53.86,0,6.28,0,0,0,0,2.39,13.08,0.65,1.07,18.24,2.32,0,54.14,0,8.1,0,0,0,0,1.87,10.62,2,0,22.57,0.6,1.45,58.29,0,2.59,0,0,0,0,1.87,10.73,2.99,0,33.51,6,1.12,40.76,0,3.02,0,0,0,0,1.87,11.49,1.67,1.02,20.38,1.02,0.17,60.29,0,2.09,0,0,0
la Roca del Vallès,0,1.51,3.12,48.06,0.27,4.53,0.59,0.05,40.36,0,1.5,0,0,0,0,2.56,5.14,48.05,0,1.54,0.33,0.03,41.68,0,0.68,0,0,0,6.29,8.04,40.64,0,0.32,0.58,0.55,42.34,0,1.25,0,0,0,0,6.3,8.12,39.37,0,0.46,0.52,0.8,42.13,0,2.3,0,0,0,0,3.66,15.22,30.67,0.92,10.75,5.51,1.59,30.68,0,1.01,0,0,0,0.09,3.65,15.22,31.17,0.93,13.73,8.48,2.05,23.61,0,1.07,0,0,0,0.05,3.42,16.23,31.94,1.35,5.69,4.37,2.02,34.45,0,0.48,0,0,0
l'Ametlla del Vallès,0,0,18.21,43.42,3.14,7.29,1.03,1.71,24.68,0,0.53,0,0,0,0,1.25,23.42,45.93,1.38,1.08,0.57,1.53,24.74,0,0.09,0,0,0,4.47,31.11,33.18,2.03,0.85,0.55,0.53,26.1,0,1.17,0,0,0,0,4.28,31.28,32.06,1.96,2.25,0.6,0.65,25.67,0,1.25,0,0,0,0,1.62,38.82,23.84,1.2,13.98,0.85,1.14,18.02,0,0.54,0,0,0,0,1.62,38.83,26.15,0.3,15.61,1.85,0.44,15.12,0,0.09,0,0,0,0,1.62,40.56,26.45,0.92,6.57,2.08,0.54,21.1,0,0.16,0,0,0
les Cabanyes,0,0,20.22,6.14,65.62,0,0,0,0,0,8.03,0,0,0,0,0,13.85,1.18,67.58,1.1,0,0,0,0,16.29,0,0,0,0,16.29,5.66,66.64,5.27,0,0,0,0,6.14,0,0,0,0,0,15.81,6.22,69.55,5.74,0,0,0,0,2.68,0,0,0,0,0,26.44,1.97,65.38,5.66,0,0,0,0,0.55,0,0,0,0,0,26.44,5.98,63.26,4.17,0,0,0,0,0.16,0,0,0,0,0,27.62,7.55,58.77,5.98,0,0,0,0,0.08,0,0,0
les Franqueses del Vallès,0,0,3.07,72.16,0.67,3.38,0.12,0.17,19.63,0,0.8,0,0,0,0,0,6.47,73.73,0.37,0.39,0,0.1,18.71,0,0.23,0,0,0,0,13.06,61.28,0.34,0.38,0.17,1.45,22.15,0,1.16,0,0,0,0,0,13.82,59.36,0,0.83,0.27,2.17,21.53,0,2.01,0,0,0,0,2.01,20.58,46.44,0.22,12.15,1.79,1.25,14.13,0,1.42,0,0,0,0.03,2.01,20.58,48.03,0.12,11.12,2.51,0.37,14.3,0,0.92,0,0,0,0,2,21.86,50.6,0.82,3.4,1.03,0.38,19.38,0,0.52,0,0,0
l'Hospitalet de Llobregat,0,8.45,75.35,14.34,0.26,0.42,0,0,0,0,1.18,0,0,0,0.13,13.38,68.04,0.4,0,6.62,0,0,0,0,11.43,0,0,0.24,15.77,77.51,0.33,0,0.74,0,0,0,0,5.42,0,0,0,0.28,17.02,76.78,0.32,0,0.75,0,0,0.06,0,4.79,0,0,0,0.03,8.6,75.17,4.4,0,0.5,0,0,0,0,11.3,0,0,0,0.16,8.6,75.24,7.73,0.12,0.36,0,0.35,0,0,7.43,0,0,0,0.17,8.58,76.92,5.55,0.42,2.3,0,0.61,0.27,0.04,5.14,0,0,0
Lliçà d'Amunt,0,0,17.67,47.11,0.94,7.67,0,0,25.91,0,0.7,0,0,0,0,0.35,20.44,53.04,0.06,1.56,0,0,24.18,0,0.35,0,0,0,1.3,32.2,40.55,0.23,0.06,0.13,0.1,23.91,0,1.52,0,0,0,0,1.22,32.76,40.27,0.26,0.06,0.11,0.05,24.19,0,1.07,0,0,0,0,0.86,31.56,32.48,0.06,13.17,0.06,2.56,18.93,0,0.31,0,0,0,0.03,0.86,31.59,32.38,0.37,15.3,1.14,2.08,15.05,0,1.19,0,0,0,0,0.88,33.07,33.5,0.31,7.38,0.27,0.95,21.81,0,1.84,0,0,0
Lliçà de Vall,0,0,24.9,45.58,0.26,8.14,0,0,18.5,0,2.61,0,0,0,0,0.47,33.01,48.31,0.11,2.23,0,0,15.67,0,0.2,0,0,0,2.61,43.29,38.2,0,1.09,0,0,11.99,0,2.81,0,0,0,0,2.42,43.54,38.46,0,1.24,0,0,11.77,0,2.57,0,0,0,0,3.41,44.09,29.31,0.15,9.82,0,2.27,9.08,0,1.87,0,0,0,0,3.41,44.15,32.75,0,12.11,0.99,0.17,6.25,0,0.18,0,0,0,0,3.41,45.94,32.56,0.04,4.37,0.55,0.43,12.17,0,0.53,0,0,0
Llinars del Vallès,0,2,4.83,29.34,0.29,5.2,14.03,0.64,43.29,0,0.37,0,0,0,0,3.18,7.59,29.59,0.06,1.13,12.28,0.04,45.83,0,0.29,0,0,0,4.3,10.32,25.04,0,0.24,12.76,1.3,44.07,0,1.97,0,0,0,0,4.26,10.58,24.36,0,0.38,12.61,1.32,44.1,0,2.39,0,0,0,0,3.39,16.41,15.22,0.22,13.27,19.63,0.7,27.2,0,3.97,0,0,0,0,3.39,16.41,17.35,0.17,14.52,22.64,0.58,21.54,0,3.4,0,0,0,0,3.43,17.39,18.7,0.29,6.13,16.35,0.83,34.34,0,2.54,0,0,0
Malgrat de Mar,0.05,0,17.78,43.92,4,19.97,0,0,1.85,0,7.94,0,4.16,0.33,0.85,0,22.05,45.34,1.13,15.37,0,2.36,1.34,0,6.68,3.02,1.85,0.24,0,22.3,43.21,0.24,11.18,1.72,0.56,4.32,0,12.6,0,2.38,1.27,0.6,0,27.78,40.99,0.19,11.57,1.68,0,4.86,0,8.2,0,3.2,0.94,0.49,3.22,31.22,34.79,0.04,7.74,2.12,0,10.59,0,5.99,0,3.77,0.02,0.1,3.21,31.37,37.81,0,10.18,2.04,0.16,9.39,0,2.16,0,3.43,0.15,0,3.21,32.71,36.43,0.03,7.54,3.3,0.07,10.25,0.09,3.71,0,2.48,0.17
Martorell,0,4.63,26.5,6.92,8.64,35.82,0.78,0.79,12.08,0,3.84,0,0,0,0.2,9.45,27.97,2.09,11.39,29.55,0.53,0.28,7.06,0,11.5,0,0,1.02,13.39,31.78,1.32,8.9,18.42,0.35,0,9.43,0,15.4,0,0,0,0.78,15.14,32.91,1.26,9.1,17.68,0.38,0,9.55,0,13.2,0,0,0,0.11,9.42,35.91,8.33,6.98,23.65,0,0.59,10.34,0,4.67,0,0,0,0.55,9.42,35.91,12.56,4.17,26.77,0.64,0.73,4.35,0,4.89,0,0,0,0.69,9.53,37.08,11.67,2.72,22.34,1.33,0.04,10.05,0.05,4.05,0.44,0,0
Martorelles,0,0.05,32.34,31.57,6.19,5.94,0,0,19.86,0,4.05,0,0,0,0,0,46.09,24.81,4,14.37,0,0,10.49,0,0.25,0,0,0,0,49.02,18.52,2.96,10.54,0,0.32,13.12,0,5.52,0,0,0,0,0.02,50.21,18.22,3.31,6.86,0,0.35,15.83,0,5.2,0,0,0,0,2.68,48.35,11.61,0,23.07,1.44,1.52,5.05,0,6.29,0,0,0,0,2.68,48.35,10.79,1.94,24.43,2.78,1.09,6.07,0,1.86,0,0,0,0,2.68,49.99,9,1.89,20.78,3.5,0.57,9.87,0,1.72,0,0,0
Matadepera,0,0,6.06,1.39,0.53,13.44,34.06,0.31,37.31,0,0.17,6.74,0,0,0,0,11.4,1.24,0.12,15.77,31.75,0.04,36.35,0,3.34,0,0,0,0,25.67,0.88,0,13.05,36.15,0,21.63,0,2.63,0,0,0,0,0,26.07,0.95,0.27,12.48,36,0,21.14,0,3.1,0,0,0,0,0.07,18.78,0.51,0.06,17.34,24.6,0.91,37.63,0,0.11,0,0,0,0,0.07,18.78,1,0,22.19,13.22,6.59,38.02,0,0.13,0,0,0,0.02,0.07,20.4,0.79,0.2,13.38,20.77,0.31,42.99,0,1.08,0,0,0
Mataró,0,0.33,30.46,38.7,2.34,6.24,1.92,0.01,15.04,0,3.46,0,1.12,0.38,0,1.09,29.46,42.3,0.27,3.44,1.37,0,15.55,0,5.24,0.47,0.82,0,7.08,34.78,28.74,0.14,2.24,1.29,0,16.35,0,7.93,0,0.59,0.86,0,7.06,35.83,28.19,0.14,2.22,1.25,0,16.25,0,7.85,0,0.74,0.47,0,4.35,39.32,10.99,0.12,20.21,2.67,0,13.98,0,7.67,0,0.68,0.02,0,4.11,39.31,12.54,0.27,21.29,2.77,0.01,13.75,0.16,5.06,0,0.67,0.06,0,4.36,40.84,10.04,0.24,22.46,2.78,0.12,15.3,0.07,3.08,0,0.51,0.2
Mediona,0,0,1.06,17.84,11.86,32.85,0.4,0.3,32.43,0,3.26,0,0,0,0,0,2.53,13.52,15.04,26.17,0.54,0.33,41,0,0.87,0,0,0,0,4.44,11.83,17.83,28.24,1.45,2.1,33.3,0,0.81,0,0,0,0,0.41,4.46,12.71,16.36,30.34,1.45,1.71,32.32,0,0.24,0,0,0,0,0.17,4.84,8.08,16.92,25.37,2.36,1.55,40.6,0,0.11,0,0,0,0,0.17,5.07,9.87,17.23,23.01,3.28,1.66,39.53,0,0.17,0,0,0,0,0.17,5.46,12.39,18.79,23.69,1.19,0.26,37.98,0,0.07,0,0,0
Molins de Rei,0,2.54,8.15,8,7.2,25.15,11.29,0,33.92,1.07,2.67,0,0,0,0.45,3.95,12.75,2.15,6.66,25.53,7.5,0.39,35.93,0,4.68,0,0,0.32,4.48,22.97,2.02,5.89,18.72,5.51,0.08,33.52,0,6.5,0,0,0,0.44,6.48,23.61,2.03,4.51,16.87,5.42,0.11,33.32,0,7.21,0,0,0,0.03,4.02,17,6.72,1.19,17.31,1.37,0.29,47.86,0.18,4.02,0,0,0,0.59,4.02,16.97,7.47,1.74,30.03,8.09,0.16,28.82,0.22,1.89,0,0,0,0.64,4.01,17.95,6.35,2.63,15.34,3.35,0.48,47.61,0.13,1.51,0,0,0
Mollet del Vallès,0,3.11,26.71,61.67,0,1.34,0,0,3.1,0,4.07,0,0,0,0,9.96,29.3,52.61,0,0.26,0,0,2.73,0,5.14,0,0,0,17.08,32.44,40.67,0,0.22,0,0.14,3.75,0,5.71,0,0,0,0,17.23,32.35,42.16,0,0.27,0,0.1,3.53,0,4.36,0,0,0,0,9.15,34.54,42.4,0,2.84,0,0.41,2.73,0,7.93,0,0,0,0,9.07,34.54,43.56,0,5.44,0.22,0.86,1.59,0,4.71,0,0,0,0,9.02,35.8,43.61,0.14,4.44,0.3,0.82,3.87,0,2.01,0,0,0
Montcada i Reixac,0,4.68,15.34,24.37,0,33.2,1.05,0,15.16,0,6.22,0,0,0,0,6.7,21.71,23.78,0,23.25,0.22,0.47,16.05,0,7.82,0,0,0,9.81,20.33,21.58,0,24.15,0.25,1.81,12.13,0,9.93,0,0,0,0,9.82,21.45,20.14,0,22.58,1.08,1.68,13.02,0,10.23,0,0,0,0,7.19,23.36,21.24,0,21.13,5.54,1.71,12.12,0,7.71,0,0,0,0,7.21,23.38,24.12,0.08,25.45,7.04,2.44,6.93,0,3.35,0,0,0,0.31,7.21,24.61,23.52,0.21,22.62,7.24,1.02,11.4,0,1.87,0,0,0
Montgat,0,8.68,20.43,19.55,16.42,26.82,0,0,0,0,0.06,0,8.02,0.03,0,14.97,21.52,17.61,12.19,20.74,0,0,0,0,7.99,3.67,1.32,0,30.39,20.3,13.69,1.57,16.01,0,0,0,0,13.82,0,3.23,1,0,30.36,21.49,13.85,1.32,16.1,0,0,0,0,12.78,0,3.13,0.97,0,19.3,35.65,6.33,3.82,25.94,0,0,0,0,5.8,0,3.13,0.03,0,19.17,35.75,3.67,1.94,31.92,0,0,0.28,0,3.73,0,3.51,0.03,0,18.89,38.25,1.6,0.44,33.77,0,0,0.31,0,3.85,0,2.19,0.69
Montmeló,0,3.03,22.94,65.59,0,0.48,0,0,3.84,0,4.11,0,0,0,0,5.19,30.82,43.02,0,0.28,0,0,2.3,0,18.39,0,0,0,6.55,34.66,29.92,0,0.71,0,2.05,3.93,0,22.18,0,0,0,0,7.12,34.2,20.2,0,0.9,0,2.34,3.19,0,32.04,0,0,0,0,5.81,61.48,20.11,0,3.49,0,0.69,0.41,0,8,0,0,0,0,5.81,62.31,20.36,0.83,5.36,0,0,0.6,0,4.73,0,0,0,0,5.81,63.89,19.58,0.62,6.02,0,0.11,0.94,0,3.01,0,0,0
Montornés del Vallès,0,1.29,20.22,31.96,4.43,11.03,1.16,0,26.05,0,3.86,0,0,0,0,3.53,28.58,31.88,2.71,13.13,0.74,0.3,17.91,0,1.23,0,0,0,4.43,31.23,27.11,2.29,12.06,0.69,0.98,15.9,0,5.31,0,0,0,0,4.34,31.36,23.91,2.37,8.57,0.03,1.26,20.23,0,7.94,0,0,0,0,2.71,38.15,16.32,0.22,19.28,4.24,2.44,11.11,0,5.54,0,0,0,0,2.71,38.28,18.33,0.23,21.24,6.99,1.12,8.86,0,2.23,0,0,0,0,2.66,40.27,16.08,2.7,15.27,7.68,0.73,13.77,0,0.84,0,0,0
Montseny,0,0,0,6.49,0,19.34,32,25.66,16.46,0,0.05,0,0,0,0,0,0.04,5.85,0,15.85,50.79,27.47,0,0,0,0,0,0,0,0.03,3.99,0,15.8,53.44,26.74,0,0,0,0,0,0,0,0,0.04,4.28,0,15.98,52.09,27.15,0.11,0,0.34,0,0,0,0,0,1.02,1.19,0,9.15,40.62,33,13.38,0,0,0,0,0,0,0,1.02,0.86,0,9.77,36.96,36.95,14.43,0,0,0,0,0,0,0,1.17,2.46,0,10.89,47.11,33.96,4.36,0,0.05,0,0,0
Olérdola,0,1.02,3.44,4.95,31.17,40.37,0,1.05,8.45,0,9.55,0,0,0,0,0.76,6.65,1.53,29.58,41.58,0,0.14,14.13,0,5.62,0,0,0,0.99,9.03,2.07,28.95,43.67,0,0,9.73,0,5.56,0,0,0,0,1.05,10.04,1.86,28.79,42.76,0,0.07,9.67,0,4.73,1.02,0,0,0,1.04,10.81,4.88,29.22,37.87,0,0,13.24,0,2.93,0,0,0,0.05,1.06,10.83,3.5,32.34,36.96,0,0.16,12.28,0,2.82,0,0,0,0,1.06,11.33,5.14,30.6,36.65,0,0.06,13.08,0,2.08,0,0,0
Olesa de Bonesvalls,0,0,2.7,0.55,4.84,51.3,0.03,0,39.69,0,0.36,0.52,0,0,0,0,3.02,0.04,4.88,55.61,0.58,0,35.27,0,0.6,0,0,0,0,7.06,0.07,4.67,51.49,0.53,0,33.87,0,2.31,0,0,0,0,0,6.94,0.2,4.76,50.06,0.54,0,35.8,0,1.7,0,0,0,0,0.32,5.96,0.25,3.32,41.74,1.68,0.66,44.87,0,1.21,0,0,0,0,0.32,5.96,0.22,3.92,46.29,1.98,0.23,40.07,0,1,0,0,0,0,0.32,6.31,0.32,4.87,32.27,3.94,0.02,51.1,0,0.84,0,0,0
Olesa de Montserrat,0,0,20.33,2.23,10.44,36.03,7.38,1.8,19.88,0,0.8,1.11,0,0,1.64,0.01,14.36,1.07,10.46,40.29,3.61,0.56,24.62,0,3.37,0,0,0.47,0.02,19.47,1.88,9.83,46.85,1.69,0.58,12.83,0,6.4,0,0,0,0.75,0,20.83,1.93,9.23,45.05,1.73,0.57,12.35,0,7.55,0,0,0,0.88,2.46,20.43,0.4,7.16,39.28,1.59,1.6,24.92,0,1.27,0,0,0,0.82,2.46,20.43,3.6,5.95,49.47,3.27,2.58,10.61,0,0.8,0,0,0,1,2.45,21.39,2.15,6.92,42.94,6.26,0.4,16.03,0,0.45,0,0,0
Olivella,0,0,5.32,0.75,2.32,74.58,0,0,8.28,0,2.96,5.8,0,0,0,0,3.05,0.56,1.64,83.06,0,0,11.56,0,0.13,0,0,0,0,8.02,0.23,1.7,77.42,0,0,12.4,0,0.23,0,0,0,0,0,8.13,0.22,1.8,74.12,0,0,11.4,0,0.23,4.12,0,0,0,0,9.95,0.15,2.37,68.27,0,0,19.05,0,0.21,0,0,0,0,0,9.96,0.21,2.71,71.98,0,0,15.13,0,0.01,0,0,0,0,0,10.4,0.2,3.36,66.4,0.03,0,19.57,0,0.03,0,0,0
Órrius,0,0,0.76,7.95,0.53,17.9,26.13,0.18,46.54,0,0.02,0,0,0,0,0,1.1,6.02,0,14.59,19.75,0,56.94,0,1.6,0,0,0,0,9.16,1.53,0,4.38,20.71,0.65,60.98,0,2.6,0,0,0,0,0,9.42,1.45,0,4.23,20.5,0.69,60.91,0,2.79,0,0,0,0,0,6.22,0.21,0.27,11.21,34.44,2.26,44,0,1.39,0,0,0,0,0,6.22,0.94,0,19.87,39.99,2.97,28.36,0,1.65,0,0,0,0,0,7.11,1.47,0,7.69,40.3,3.38,38.33,0,1.73,0,0,0
Pacs del Penedès,0,0,0,8.9,65.5,5.47,0,4.28,0,0,15.84,0,0,0,0,0,5,3.22,69.57,5.7,0,3.33,3.08,0,10.11,0,0,0,0,8.02,4.37,68.24,7.64,0,2.99,3.34,0,5.4,0,0,0,0,0,8.29,4.36,69.05,6.78,0,3.71,4.05,0,3.77,0,0,0,0,0,15.25,4.09,61.72,6.93,0,5.53,3.66,0,2.81,0,0,0,0.1,0,15.25,5.9,62.78,5.84,0,4.09,3.71,0,2.33,0,0,0,0,0,16.57,5.81,62.15,3.9,0,2.86,5.89,0,2.83,0,0,0
Palafolls,0,0,9.84,33.1,6.86,15.76,1.53,1.31,28.29,0,3.32,0,0,0,0.51,0,12.51,39.19,0.44,12.1,1.14,0.75,29.92,0,3.43,0,0,0.81,5.14,14.97,37.16,0.15,7.89,2.61,1.03,25.79,0,4.45,0,0,0,0.68,5.38,15.57,36.63,0,7.13,2.91,1.29,25.39,0,5.02,0,0,0,0.09,2.79,19.67,26.16,0.73,21.13,12.17,0.85,12.78,0,3.63,0,0,0,0.1,2.79,19.68,29.47,0,23.1,11.78,0.43,10.6,0,2.04,0,0,0,0.03,2.85,21.44,30.1,0.27,12.05,9.58,0.58,21.21,0.19,1.7,0,0,0
Palau-solità i Plegamans,0,0,16.76,58.18,0.71,3.98,0,0,16.82,0,3.56,0,0,0,0.13,0,25.02,56.59,0.28,1.09,0,0,16.18,0,0.72,0,0,0,0,37.64,43.13,0.31,3.31,0,0,12.88,0,2.73,0,0,0,0,0,37.41,40.69,0.31,3.46,0,0,13.13,0,4.99,0,0,0,0.11,2.52,33.73,39.6,0.18,8.91,0,1.48,12.51,0,0.95,0,0,0,0.17,2.54,33.76,40.34,0.14,12.6,1.55,1.59,7.1,0,0.22,0,0,0,0.1,2.54,35.07,41.58,0.14,4.97,1.11,0.94,12.12,0,0.43,0.98,0,0
Pallejà,0,0,17.45,4.89,6.1,52.27,1.29,0,16.32,0,1.68,0,0,0,0.92,0,20.62,1.14,6.53,46.51,0.54,0,20.43,0,3.3,0,0,1.23,8.31,26.06,0.52,1.98,31.46,0.66,0,20.7,0,9.08,0,0,0,0.91,12.3,28.14,0.17,0.96,30.02,0.66,0,20.8,0,6.03,0,0,0,0.07,6.39,27.49,2.37,0.5,15.95,0,0.21,40.4,0,6.6,0,0,0,0.77,6.39,27.49,3.99,0.49,27.42,1.42,0.4,27.81,0,3.83,0,0,0,0.93,6.33,28.97,5.12,0.57,21.04,0.61,0.24,34.96,0,1.25,0,0,0
Parets del Vallès,0,2,30.78,60.57,0.01,1.17,0,0,0.3,0,5.17,0,0,0,0,8.64,37.13,52.23,0,0.21,0,0,0.3,0,1.49,0,0,0,15.87,37.44,40.85,0,0.09,0,0,0.75,0,5.01,0,0,0,0,15.58,37.33,41.67,0,0.08,0,0,0.78,0,4.56,0,0,0,0,8.9,46.1,39,0,1.99,0,0.01,0.22,0,3.78,0,0,0,0,8.99,46,40.35,0,2.73,0.09,0,0.24,0,1.61,0,0,0,0,8.93,47.29,38.95,0.31,2.42,0.26,0.06,0.52,0,1.26,0,0,0
Pineda de Mar,0.02,0,20.01,29.45,7,20.76,5.03,0.63,7.66,0,7.58,0,1.86,0,0,0,27.43,33.6,2.47,17.48,5.62,0.24,8.25,0,2.7,1.88,0.34,0,6.5,27.04,25.4,0,13.55,6.73,0.39,8.51,0,10.39,0,1.35,0.14,0,6.7,29.45,25.35,0,13.99,4.87,0.41,9.44,0,8.02,0,1.71,0.07,0,3.88,32.45,15.51,0,24.08,12.24,2.04,6.63,0,1.79,0,1.37,0.01,0,3.88,32.45,15.97,0,27.97,11.5,0.67,5.55,0,0.5,0,1.45,0.04,0,3.79,33.97,13.09,0,24.36,14.7,0.16,7.16,0,1.52,0,1.2,0.06
Polinyà,0,0,15.62,62.68,0.57,1.56,0,0,15.98,0,3.59,0,0,0,0,0,22.45,61.71,0,0.48,0,0,14.49,0,0.87,0,0,0,0,24.86,57.48,0,12.39,0,0.12,3.07,0,2.08,0,0,0,0,0,26.19,52.61,0,11.49,0,0.18,3.61,0,5.92,0,0,0,0,1.47,36.69,36.72,0.48,12.47,0,0.51,10.59,0,1.06,0,0,0,0,1.47,36.69,39.72,0,14.62,2.48,0.21,4.42,0,0.39,0,0,0,0,1.47,38.02,41.47,1.15,4.5,4.05,0.33,8.12,0,0.9,0,0,0
Pontons,0,0,0.61,5.64,8.57,36.52,3.82,0.38,8.52,0,1.76,34.18,0,0,0,0,2.57,7.54,5.49,69.5,3.76,0,10.64,0,0.51,0,0,0,0,2.4,6.03,10.59,56.45,5.46,0,18.94,0,0.13,0,0,0,0,0,2.49,6.38,9.5,52.46,2.32,2.02,24.37,0,0.46,0,0,0,0,0,2.65,3.99,6.55,28.92,11.04,2.76,44,0,0.1,0,0,0,0,0,2.65,3.82,7.32,25.78,13.27,2.33,43.97,0,0.07,0.78,0,0,0,0,3.02,5.94,12.94,29.51,4.02,0.74,43.84,0,0,0,0,0
Premià de Dalt,0,3.31,17.58,29.03,1.6,18.36,7.33,0,21.39,0,1.4,0,0,0,0,5.39,31.36,19.61,0.17,11.68,4.89,0,24.03,0,2.88,0,0,0,7.89,37.6,11.26,0,5.17,3.71,0,29.82,0,4.56,0,0,0,0,7.83,37.6,13.11,0,4.46,3.61,0,30.33,0,3.06,0,0,0,0,3.18,37.85,7.88,0,17.24,3.28,0.63,26.57,0,3.39,0,0,0,0,3.1,35.88,9.24,0,21.28,4.47,0.54,24.39,0,1.11,0,0,0,0,3.1,39.5,9.4,0,12.06,7.08,0.26,27.61,0,0.99,0,0,0
Premià de Mar,0,1.83,52.98,29.97,0,2.43,0,0,0,0,0,0,7.37,5.41,0,1.45,60.36,18.63,0,0.04,0,0,0,0,5.37,6.73,7.42,0,3.37,80.31,0.9,0,1.58,0,0,0,0,2,0,5.5,6.35,0,4.6,80.09,2.69,0,0,0,0,0,0,1.28,0,7.76,3.58,0,8.74,73.83,4.35,0,0.17,0,0,0,0,8.57,0,4.05,0.3,0,8.99,73.83,7.89,0,1.75,0,0,0,0,2.17,0,4.82,0.55,0,8.99,74.81,5.92,0,2.56,0,0,0,0,1.66,0,4.99,1.07
Puigdàlber,0,0,14.84,2.16,78.53,0,0,2.31,0,0,2.16,0,0,0,0,0,10.95,0,83.86,0,0,1.3,0,0,3.89,0,0,0,0,24.35,0,73.92,1.01,0,0.72,0,0,0,0,0,0,0,0,24.78,0,73.2,0.43,0,1.59,0,0,0,0,0,0,0,0.72,32.13,2.16,63.69,0,0,1.3,0,0,0,0,0,0,0,0.72,32.13,0,64.55,0,0,2.59,0,0,0,0,0,0,0,0.72,33.72,3.6,60.81,0,0,1.15,0,0,0,0,0,0
Rellinars,0,0,1.37,0.96,1.53,50.78,16.2,0,27.07,0,2.08,0,0,0,0,0,2.86,0.6,0.23,49.23,11.44,0,35.33,0,0.32,0,0,0,0,4.37,0.93,0.1,43.11,14.31,0,36.79,0,0.39,0,0,0,0,0,4.22,0.76,0.33,44.4,13.92,0,36.07,0,0.31,0,0,0,0,0,5.26,0.12,0.08,37.24,6.67,1.82,48.8,0,0,0,0,0,0,0,5.26,0.72,0.23,55.25,5.17,1.31,32.05,0,0,0,0,0,0,0,5.65,0.98,0.12,45.16,7.84,0.43,39.59,0,0.23,0,0,0
Ripollet,0,11.2,46.77,25.56,0,6.42,0,0,0,0,10.05,0,0,0,0,11.77,45.98,27.21,0,0.27,0,0,0,0,14.78,0,0,0,14.78,44.45,8.8,0,0.61,0,0,0,0,31.37,0,0,0,0,15.8,45.5,7.44,0,0.5,0,0,0,0,30.76,0,0,0,0,11.03,55.38,12.46,0,11.31,0,0,0,0,9.82,0,0,0,0,11.03,55.38,24.51,0,4.35,0,0,0,0,4.72,0,0,0,0.17,11.03,57.55,18.04,0.31,4.66,0,5.62,0.31,0,2.3,0,0,0
RMB,0.01,0.98,12.13,15.9,10.24,21.85,7.55,1.71,24.63,0.21,2.88,1.53,0.19,0.2,0.1,1.74,13.64,14.78,9.53,21.1,7.75,1.43,26.08,0.18,3.29,0.13,0.26,0.12,3.07,17.25,12.55,9.43,19,8.04,1.97,23.85,0.1,4.15,0.08,0.13,0.24,0.12,3.41,17.55,12.23,9.18,18.67,8,2.16,23.95,0.09,4.1,0.22,0.13,0.16,0.12,2.49,18.86,9.48,8.33,21.06,10.07,3.15,23.77,0.06,2.41,0,0.15,0.04,0.14,2.53,18.89,10.76,8.3,23.31,10.21,3.33,20.41,0.04,1.73,0.19,0.14,0.01,0.14,2.52,19.79,11.07,8.72,18.33,10.33,2.14,25.41,0.08,1.31,0.02,0.11,0.02
Rubí,0,0,28.4,11.58,5.77,37.17,0.83,0,14.26,0,1.99,0,0,0,0,1.65,28.36,11.31,5.44,28.43,0.3,0,15.79,0,8.71,0,0,0,2.11,41.54,14.18,3.2,17.54,0.1,0,9.79,0,11.53,0,0,0,0,2.14,41.49,13.79,2.74,18.48,0.14,0,9.61,0,11.63,0,0,0,0,2.52,37.15,11.39,1.71,24.79,0.03,0.02,18.37,0,4.03,0,0,0,0,2.52,37.15,13.49,0.62,27.33,0.3,0.23,13.59,0,4.77,0,0,0,0.05,2.5,38.73,13.49,1.65,20.07,0.03,0.43,20.45,0,2.6,0,0,0
Sabadell,0,1.34,38.01,34.46,3.69,7.35,0.55,0,13.52,0,1.08,0,0,0,0,2.14,36.07,33.79,0.41,9.81,0.05,0,12.55,0,5.19,0,0,0,2.89,38.3,29.09,0.3,9.41,0.51,1.07,11.15,0,7.27,0,0,0,0,4.33,38.65,27.69,0.39,8.6,0.49,0.97,11.26,0,7.63,0,0,0,0,3.85,41.55,26.99,0.06,9.15,0.13,1.68,13.62,0,2.98,0,0,0,0,3.85,41.57,25.55,0.05,11.9,1.61,1.2,11.1,0,3.17,0,0,0,0.03,3.79,42.62,25.54,1.05,9.43,0.6,1.8,13.37,0,1.61,0.16,0,0
Sant Adrià de Besòs,0,6.34,70.09,0,0,15,0,0,0,0,4.71,0,1.61,2.25,0,10.32,68.55,0,0,4.12,0,0,0,0,12.12,1.94,2.96,0,23.73,54.35,0,0,4.85,0,0,0,0,12.64,0,0.59,3.83,0,23.97,52.53,0,0,6.51,0,0,0,0,14.88,0,0.64,1.47,4.85,15.33,66.21,2.01,0,0,0,0,0,0,8.5,0,3.05,0.05,2.27,15.36,66.21,7.34,0,0.52,0,0.83,0,0,4.47,0,2.98,0.02,1.82,15.17,67.51,8.33,0,2.39,0,0,0.12,0.5,2.44,0,1.59,0.14
Sant Andreu de la Barca,0,0,48.96,5.28,1.49,20.73,1.62,0,19.7,0,2.22,0,0,0,0.34,0,51.02,1.36,0.16,17.73,1.73,0,18.9,0,8.75,0,0,1.33,8.07,52.72,0,2.02,6.93,1.14,0,17.46,0,10.34,0,0,0,0.22,8.32,58.56,0,0,6.16,1.06,0,20.05,0,5.62,0,0,0,0.11,7.27,57.27,0.58,0,5.99,0.27,0,23.59,0,4.93,0,0,0,1.49,7.27,57.27,3.86,0,9.81,0.61,0,17.61,0,2.1,0,0,0,1.36,7.17,58.4,4.05,0.21,4.31,0.29,0,23.11,0.1,1.01,0,0,0
Sant Andreu de Llavaneres,0,0.35,8.74,18.67,11.62,11.73,11.69,0,32.33,0,4.29,0,0.23,0.35,0,0.46,14.92,25.46,3.83,8.73,12.25,0,31.24,0,2.49,0.13,0.49,0,3.64,21.12,17.56,0,3.24,13.26,0.39,35.47,0,4.94,0,0.05,0.34,0,3.62,21.24,17.46,0,4.73,11.51,0.29,37.07,0,3.83,0,0.02,0.22,0,2.57,28.56,9.77,0.08,12.92,14.67,0.37,28.58,0,2.39,0,0.08,0.02,0,2.51,28.4,10.87,0.16,15.28,11.8,0.17,30.11,0,0.52,0,0.13,0.05,0,2.53,31.25,9.52,0,7.7,15.43,0.22,31.63,0.17,1.33,0,0.11,0.1
Sant Antoni de Vilamajor,0,0,12.69,58.45,0.06,2.83,1.71,0.72,22.85,0,0.7,0,0,0,0,0,14.96,59.77,0,0.14,0.5,0.07,24.36,0,0.2,0,0,0,0,16.81,55.39,0,0.05,2.22,0.13,24.4,0,1,0,0,0,0,0,16.83,52.01,0,0,2.56,1.68,24.76,0,2.17,0,0,0,0,0.03,25.21,42.1,0,14.38,4.45,1.51,11.93,0,0.4,0,0,0,0,0.03,25.22,45.99,0.05,10.58,8.46,0.61,9.07,0,0,0,0,0,0,0.03,26.63,46.9,0.12,3.06,2.43,0.57,20.11,0,0.14,0,0,0
Sant Boi de Llobregat,0,0.42,28.94,44.45,1.3,12.76,0,0,4.06,0.92,7.16,0,0,0,0.06,3.8,25.89,43.74,2.6,10.98,0,0,5.51,0.46,6.96,0,0,0.16,6.86,26.57,35.36,3.74,10.39,0.4,0,4.55,0.3,11.67,0,0,0,0.11,8,30.28,32.07,2.97,10.97,0.39,0,4.6,0.25,10.35,0,0,0,0.06,5.6,34.34,31.21,4.35,10.09,0,0,6.95,0,7.4,0,0,0,0.22,6.02,34.17,38.21,1.36,13.37,0.39,0.06,3.63,0.02,2.55,0,0,0,0.27,5.96,35.16,35.96,1.54,10.76,0.49,0.12,6.78,0.13,2.83,0,0,0
Sant Cebrià de Vallalta,0,0,5.52,18.49,4.61,18.05,25.63,4.77,22.72,0,0.22,0,0,0,0,0,7.96,22.33,1.75,13.46,24.21,0.99,29.19,0,0.11,0,0,0,0.31,13.75,18.43,0.35,7.18,27.43,0.92,30.4,0,1.24,0,0,0,0,0.33,14.12,18.61,0.35,8.7,23.96,1.01,32,0,0.92,0,0,0,0,0.13,14.32,4.52,0,21.22,40.99,0.66,18.06,0,0.1,0,0,0,0,0.13,14.32,3.74,0.14,29.54,34.33,0.8,16.84,0,0.15,0,0,0,0,0.13,15.62,3.32,0.11,17.06,34.88,0.93,27.63,0,0.32,0,0,0
Sant Celoni,0,0.92,4.61,7.67,0.31,7.6,32.65,6.3,38.44,0,1.5,0,0,0,0,2.54,5.05,6.94,0.18,4.07,35.72,5.67,38.61,0,1.22,0,0,0,3.24,5.42,6.26,0,2.87,35.54,5.87,39.13,0,1.68,0,0,0,0,3.29,5.89,4.91,0,3.28,34.68,7.72,39.03,0,1.19,0,0,0,0.06,1.75,8.02,2.55,0.08,6.99,53.1,13.16,13.29,0,1.01,0,0,0,0.05,1.75,8.04,4.27,0.04,9.52,52.1,10.41,12.91,0.01,0.92,0,0,0,0.04,1.75,8.44,3.8,0.08,3.75,44.54,9.09,28.01,0.05,0.45,0,0,0
Sant Climent de Llobregat,0,0,2,7.38,0.31,53.35,0.21,0,35.61,0,1.13,0,0,0,0,0,3.73,0,7.19,45.89,0.2,0,42.67,0,0.32,0,0,0,0,5.32,0.31,7.91,48.22,2.69,0,33.86,0,1.63,0.05,0,0,0,0,5.28,0.27,4.01,50.74,3.12,0,33.94,0,2.66,0,0,0,0,0.27,4.5,0.49,2.9,33.84,1.19,0.29,55.81,0,0.7,0,0,0,0,0.27,4.51,0.37,2.6,56.34,5.13,0.23,30.38,0,0.18,0,0,0,0,0.27,4.99,0.61,1.51,39.25,15.68,0,37.67,0,0.03,0,0,0
Sant Cugat del Vallès,0,2.21,11.84,12.09,0.59,28.3,8.93,0.09,34.79,0,1.16,0,0,0,0,5.1,19.51,10.69,0.31,15.88,6.86,0,36.6,0,5.05,0,0,0,5.48,30.58,8.63,0.08,10.32,6.53,0,31.95,0,6.43,0,0,0,0,6.59,30.95,8.06,0.12,10.11,6.73,0,31.17,0,6.28,0,0,0,0.01,4.73,31.74,7.14,0.26,9.8,1.65,1.35,41.02,0,2.31,0,0,0,0,4.71,31.96,7.92,0.05,18.25,11.81,1.9,21.91,0,1.49,0,0,0,0.04,4.68,33.78,6.85,0.18,7.95,4.67,1.67,39.24,0.02,0.92,0,0,0
Sant Cugat Sesgarrigues,0,0,1.55,2.38,85.6,3.18,0,1.02,3.51,0,2.77,0,0,0,0,0,5.37,0.16,83.5,5.74,0,0.43,4.27,0,0.53,0,0,0,0,4.68,5.82,79.71,4,0,0.62,4.96,0,0.21,0,0,0,0,0,4.64,5.33,80.06,2.85,0,0.64,0.46,0,0.26,5.76,0,0,0,1.17,10.87,2.26,75.74,7.42,0,2.21,0.01,0,0.3,0,0,0,0,1.17,10.87,2.18,74.83,8.44,0,1.91,0.29,0,0.32,0,0,0,0,1.17,11.4,4.83,73.67,7.92,0,0.34,0.43,0,0.23,0,0,0
Sant Esteve de Palautordera,0,0,1.34,36.62,0,0.89,20.9,1.13,38.96,0,0.16,0,0,0,0,0,1.9,33.76,0,0.29,26.77,0.66,36.41,0,0.2,0,0,0.19,0,4.65,31.44,0,1.76,23.54,0.74,37.53,0,0.15,0,0,0,0.25,0,4.55,27.05,0,1.13,22.09,4.21,38.54,0,2.17,0,0,0,0.2,0,12.44,15.22,0.49,5.8,27.22,4.56,33.84,0,0.22,0,0,0,0.19,0,12.44,19.05,0,4.89,32.11,2.38,28.59,0,0.34,0,0,0,0.18,0,13.45,18.96,0.08,2.1,23.53,2.22,39.46,0,0.02,0,0,0
Sant Esteve Sesrovires,0,0,14.26,9.38,25.08,41.53,0.35,0,4.3,0,5.09,0,0,0,0,0.02,14.65,10.89,23.6,38.71,0,0,5.08,0,7.05,0,0,0,0.03,20.76,19.74,22.61,21.02,0,0,7.64,0,8.19,0,0,0,0,0.04,21.73,17.47,22.69,20.3,0,0,7.63,0,10.15,0,0,0,0.07,0.17,26.13,13.22,17.15,29.07,0,0.13,11.36,0,2.7,0,0,0,0.09,0.17,26.14,18.51,16.09,30.66,0.2,0.46,6.32,0,1.36,0,0,0,0.12,0.17,27.33,17.17,14.4,19.46,0,0.88,16.2,0,4.27,0,0,0
Sant Feliu de Codines,0,0,6.21,22.32,1.46,23.26,6.13,1.33,37.99,0,1.3,0,0,0,0,0,7.28,26.84,1.1,13.91,3.79,1.2,45.21,0,0.67,0,0,0,0,8.12,16.38,1.4,18.89,4.01,4.56,46.38,0,0.27,0,0,0,0,0,8.94,15.45,2.22,17.88,4.9,4.26,45.26,0,1.1,0,0,0,0.03,0,10.52,4.44,0.39,21.39,18.86,3.78,40.59,0,0,0,0,0,0,0,10.53,6.71,0,24.82,13.18,4.68,39.95,0,0.13,0,0,0,0,0,11.39,7.09,0.31,21.79,20.51,1.68,37.09,0,0.14,0,0,0
Sant Feliu de Llobregat,0,2.16,16.84,13.56,14.08,31.56,7.81,0,6.71,0.94,6.35,0,0,0,0.47,3.98,21.57,6.55,13.95,33.45,4.25,0,7.78,0,8,0,0,0.41,5.14,22.15,5.28,11.95,24.78,3.38,0,13.33,0,13.59,0,0,0,0.63,6.09,25.64,4.78,10.63,25.29,3.57,0,12.87,0,10.5,0,0,0,0.09,4.11,24.52,4.62,12.11,21.86,0.22,0.04,27.85,0,4.58,0,0,0,0.26,4.17,24.52,12.51,5.68,28.59,2.8,0,17.12,0,4.35,0,0,0,0.39,4.17,26.05,9.69,6.13,25.55,3.28,0.27,23.35,0.04,1.06,0,0,0
Sant Fost de Campsentelles,0,0.01,12.68,7.28,3.83,20.9,4.93,0.27,45.82,0,4.28,0,0,0,0,0,16.14,8.48,1.59,26.95,1.7,0,38.13,0,7,0,0,0,0,33.25,6.97,1,22.82,0.4,0.27,26.46,0,8.83,0,0,0,0,0,32.81,7.23,0.89,15.58,2.59,1.28,31.5,0,7.96,0.16,0,0,0,0.91,21.22,6.44,0,25.8,17.28,5.15,17.45,0,5.74,0,0,0,0.08,0.91,21.7,4.99,0.29,27.64,20.54,6.82,12.12,0,4.91,0,0,0,0,0.91,23.37,3.4,1.77,20.88,19.28,2.56,23.05,0,4.78,0,0,0
Sant Iscle de Vallalta,0,0,0.62,11.01,5.58,12.97,34.65,18.93,16.24,0,0,0,0,0,0,0,2.16,12.18,2.66,10.69,41.32,9.8,21.18,0,0,0,0,0,0,2.5,10.89,1.1,8.4,48.8,6.43,21.32,0,0.56,0,0,0,0,0,2.38,10.8,1.12,8.48,47.42,6.35,22.85,0,0.59,0,0,0,0,0,3.75,1.19,0.12,10.52,59.7,3.64,21.03,0,0.05,0,0,0,0,0,3.75,0.46,0.15,15,55.02,3.94,21.63,0,0.06,0,0,0,0,0,4.31,1.02,0,7.7,51.81,4.38,30.68,0,0.1,0,0,0
Sant Joan Despí,0,5.57,37.82,27.3,19.05,3.09,0,0,0,6.94,0.23,0,0,0,1.17,11.31,36.03,25.75,13.32,5.51,0,0,0,0,6.92,0,0,1.03,11.68,36.14,14.4,14.34,6.65,0,0,0,0,15.76,0,0,0,1.19,14.75,35.29,13.47,13.08,3.79,0,0,0,0,18.43,0,0,0,0.06,7.79,45.45,7.71,26.07,1.53,0,0.3,0,0,11.09,0,0,0,0.97,7.75,45.5,30.84,8.31,0.65,0,0,0,0.14,5.84,0,0,0,1.36,7.73,46.45,29.41,8.67,3.61,0,0,0.48,0.09,2.2,0,0,0
Sant Just Desvern,0,0.01,30.11,11.11,0.32,46.55,8.88,0,2,0,1.01,0,0,0,0,1.82,32.24,5.75,2.51,45.34,5.42,0,3.76,0,3.17,0,0,0,1.62,32.78,5.65,2.09,44.83,4.67,0,5.67,0,2.68,0,0,0,0,1.87,32.92,5.82,1.94,45.32,4.56,0,5.04,0,2.53,0,0,0,0,2.38,35.65,3.27,1.57,32.31,0.68,0.83,21.6,0,1.7,0,0,0,0,2.39,35.68,4.85,2.44,35.4,3.46,1.79,12.22,0,1.77,0,0,0,0,2.36,36.64,5.26,0.62,30.26,8.5,0.09,15.48,0,0.77,0,0,0
Sant Llorenç d'Hortons,0,0,4.87,10.88,42.63,28.57,0.11,0,5.77,0,7.18,0,0,0,0,0,3.55,2.39,48.26,32.34,0,1.93,4.76,0,6.78,0,0,0,0,5.46,14.3,50.14,15.88,0,0.58,6.42,0,7.21,0,0,0,0,0,5.4,14.22,50.47,16.45,0,0.53,6.32,0,6.61,0,0,0,0,0,6.88,6.63,52.19,24.74,0,0.61,7.72,0,1.23,0,0,0,0,0,6.89,9.69,52.1,25.94,0.26,0.27,4.09,0,0.76,0,0,0,0,0,7.46,9.24,54.8,13.39,0,0.74,13.69,0,0.68,0,0,0
Sant Llorenç Savall,0,0,1.99,4.11,0.23,22.42,8.04,0.84,62.11,0,0.25,0,0,0,0,0,2.91,2.37,0,18.04,9.18,0,66.08,0,1.42,0,0,0,0,3.14,2.02,0,16.34,13.16,0.03,64.31,0,1.01,0,0,0,0,0,3.07,2.13,0,16.7,13.29,0.04,63.74,0,1.03,0,0,0,0,0,3.27,0.82,0.05,56.81,6.99,0.66,31.4,0,0,0,0,0,0,0,3.27,2.44,0,59.11,3.67,2.26,29.24,0,0.01,0,0,0,0.03,0,3.6,2.66,0.14,52.4,5.62,0.43,34.89,0,0.24,0,0,0
Sant Martí Sarroca,0,0,0.91,4.6,59.45,9.45,0,3.18,11.37,0,7.17,3.87,0,0,0,0,3,2.39,61.8,12.76,0,2.17,16.03,0,1.85,0,0,0,0,4.89,4.44,60.72,14.88,0,3.53,11.45,0,0.1,0,0,0,0,0,4.89,4.53,60.49,15.5,0,3.23,11.24,0,0.11,0,0,0,0,0,5.56,3.82,58.11,14.43,0.01,3.44,14.61,0,0.03,0,0,0,0,0,5.56,3.61,58.3,12.02,0.09,4.48,15.9,0,0.04,0,0,0,0,0,6.23,6.26,58.89,13.5,0,1.23,13.37,0,0.24,0.28,0,0
Sant Pere de Ribes,0,0,12.01,3.84,26.27,37.48,0,0.07,13.69,0,6.59,0,0.03,0.02,0,0,10.05,3.12,22.04,44.99,0,0,15.52,0,4.24,0,0.04,0,3.5,12.67,2.28,18.96,35.09,0,0,19.64,0,4.73,3.08,0,0.06,0,3.52,13.08,2.26,19.12,37.53,0,0,19.61,0,4.76,0.04,0,0.07,0,1.75,14.79,5.45,21.09,31.46,0,0,23.66,0,1.77,0,0,0.02,0.02,1.75,14.8,4.61,20.85,33.86,0,0,23.12,0,0.97,0,0,0.01,0,1.75,15.66,6.01,20.92,26.09,0.05,0,29.08,0,0.44,0,0,0
Sant Pere de Riudebitlles,0,0,8.08,2.49,52.76,23.92,0,4.77,0.87,0,7.11,0,0,0,0,0,11.61,1.46,49.75,25.39,0,2.55,6.05,0,3.18,0,0,0,0,10.34,1.45,58.1,13.71,0,5.73,6.24,0,4.44,0,0,0,0,9.18,10.1,5.82,47.95,18.99,0,3.48,4.49,0,0,0,0,0,0.24,3.18,13.26,3.38,28.91,33.43,0.12,7.43,9.5,0,0.57,0,0,0,0.35,3.18,13.38,10.17,30.77,27.53,0,5.21,9.16,0,0.25,0,0,0,0.3,3.18,14.42,12.74,31.75,22.22,0,3.56,11.73,0,0.1,0,0,0
Sant Pere de Vilamajor,0,0,4.53,21.47,0,6.11,32.29,4.54,30.85,0,0.22,0,0,0,0,0,6.15,20.45,0,3.82,43.08,2.61,23.88,0,0.01,0,0,0,0,6.08,18.85,0,4.4,42.95,2.85,24.23,0,0.63,0,0,0,0,0,7.13,15.35,0,5.29,41.61,4.51,24.77,0,1.34,0,0,0,0,0,10.91,9.16,0.05,8.23,41.14,7.54,22.95,0,0.01,0,0,0,0,0,11.11,10.34,0.1,6.18,39.76,9.14,23.36,0,0.02,0,0,0,0,0,11.86,12.46,0,4.31,44.54,3.24,23.43,0,0.04,0.12,0,0
Sant Pol de Mar,0,0,10.76,36.53,11.59,28.56,0.81,0,7.91,0,0.71,0,2.83,0.3,0,0,10.57,45.23,3.78,11.25,0.18,0,22.31,0,5.55,0,1.12,0,9.59,10.43,30.68,0,5.63,0.19,1.41,28.18,0,11.79,0,0.83,1.27,0,9.48,13.32,29.03,0,5.94,0.26,1.27,27.51,0,10.91,0,1.38,0.9,0,5.33,20.62,7.83,0.48,38.24,3.8,0.73,19.23,0,2.06,0,1.48,0.19,0,5.33,20.61,7.75,0.41,44.36,1.66,0.25,16.46,0,1.47,0,1.55,0.14,0,5.33,21.91,4.86,0.35,37.93,2.58,0.25,24.02,0,0.89,0,1.73,0.16
Sant Quintí de Mediona,0,0,1.76,6.02,40,36.43,0,1.33,9.88,0,4.58,0,0,0,0,0,3.71,3.3,39.51,33.01,0,0.91,18.43,0,1.13,0,0,0,0,5.06,3.34,40.26,33.8,0,6.46,9.88,0,1.2,0,0,0,0,1.61,5.16,5.14,34.5,38.25,0,5.86,9.4,0,0.08,0,0,0,0,0.67,6.32,3.18,27.05,41.3,0.11,1.03,20.2,0,0.14,0,0,0,0,0.67,6.32,6.78,31,32.87,0.35,0.33,21.59,0,0.1,0,0,0,0,0.67,6.83,7.36,33.84,37.01,0,0.03,14.27,0,0,0,0,0
Sant Quirze del Vallès,0,2.35,22.31,16.76,1.93,14.34,0.19,0,38.01,0,4.11,0,0,0,0,5.4,19.64,12.72,0.25,14.74,0.08,0,37.53,0,9.66,0,0,0,7.21,25.23,9.17,0.08,27.48,0,0.84,20.82,0,9.17,0,0,0,0,7.21,25.83,9.12,0.08,28.51,0,0.74,19.77,0,8.75,0,0,0,0,3.93,32.03,8.36,0,14.68,0.91,2.61,35.65,0,1.82,0,0,0,0,3.93,32.05,10.52,0,19.93,3.11,2.08,27.39,0,0.98,0,0,0,0,3.84,33.45,10.32,0.12,14.89,4.2,2.19,30.26,0,0.72,0,0,0
Sant Quirze Safaja,0,0,1.19,11.87,0,39.04,5.04,0.42,41.7,0,0.74,0,0,0,0,0,1.72,12.92,0,30.47,3.33,0.65,50.37,0,0.55,0,0,0,0,1.54,7.78,0,52.15,1.34,2.62,34.13,0,0.44,0,0,0,0,0,1.88,9.37,0,47.34,3.46,2.43,34.99,0,0.54,0,0,0,0,0,4.82,4.99,0,24.44,25.23,9.02,31.42,0,0.07,0,0,0,0,0,4.82,6.34,0,23.33,14.23,15.51,35.76,0,0,0,0,0,0,0,5.35,8.26,0,24.65,26.83,4.45,30.38,0,0.08,0,0,0
Sant Sadurní d'Anoia,0,1.42,4.81,8.81,50,17.05,0,3.34,2.63,0,11.95,0,0,0,0,1.55,7.87,1.61,48.88,26.98,0,1.89,4.72,0,6.5,0,0,0,1.99,7.91,7.12,54.59,12.36,0,7.43,6.34,0,2.25,0,0,0,0,2.26,9.63,8.42,52.16,13.96,0,6.24,5.96,0,1.38,0,0,0,0.11,1.78,13.53,6.13,46.12,18.96,0,5.81,6.16,0,1.4,0,0,0,0.09,1.78,13.53,9.53,48.13,18.32,0.1,2.32,4.78,0,1.42,0,0,0,0.09,2.03,14.18,9.57,48.76,10.67,0,0.83,13,0,0.88,0,0,0
Sant Vicenç de Montalt,0,0,11.46,22.29,21.09,22.13,4.9,0.85,13.84,0,1.58,0,1.24,0.61,0,0,16.59,29.02,12.6,15.41,6.36,0,17.46,0,0.63,0.95,0.98,0,5.43,21.12,16.82,0.98,8.55,10.14,0,29.37,0,6.38,0,1.21,0,0,5.56,21.59,16.14,0.91,10.34,9.51,0,26.41,0,8.33,0,1.2,0.01,0,2.89,33.76,5.53,0,19.46,9.24,0.36,26.24,0,1.47,0,1.05,0,0,2.92,35.34,5.21,0.02,20.42,8.06,0.26,26.39,0,0.28,0,1.08,0.01,0,2.91,37.69,5.19,0,11.91,9.94,0.17,30.74,0,0.44,0,0.93,0.08
Sant Vicenç dels Horts,0,0,37.73,6.15,13.6,25.83,1.83,0,11.95,0.48,2.44,0,0,0,0.63,0,41.57,2.89,15.83,15.85,0.36,0,15.34,0,7.53,0,0,2.59,5.25,50.15,1.68,11.07,8.54,0.42,0,12.15,0,8.14,0,0,0,1.9,9.61,50.32,0.93,8.84,8.44,0.26,0,13,0,6.7,0,0,0,0.02,7.63,42.56,12.68,1.41,12.6,0,0.19,15.4,0,7.37,0,0.14,0,0.49,7.62,42.57,14.69,0.85,17.41,1.67,0.13,9.52,0,5.06,0,0,0,0.8,7.61,43.66,13.85,3.28,11.13,1.45,0.03,16.2,0,1.46,0.52,0,0
Santa Coloma de Cervelló,0,0,7.8,18.57,16.46,38.42,0.97,0,15.01,0.78,1.98,0,0,0,0.01,0,14.65,18.61,13.22,33.1,0.67,0,17.16,0,2.58,0,0,0.55,1.77,21.19,19.76,21.29,11.15,0.58,0,15.17,0,8.53,0,0,0,0.16,2.17,22.72,17.07,22.17,11.38,0.52,0,15.8,0,8.01,0,0,0,0.12,2.89,18.05,18.88,15.37,17.14,0,0,17.29,0,10.26,0,0,0,0.64,2.89,18.05,33.15,7.96,22.72,1.53,0,9.58,0.04,3.44,0,0,0,0.75,2.89,19.06,28.38,12.44,16.03,1.26,0.22,17.54,0.27,1.15,0,0,0
Santa Coloma de Gramenet,0,0,48.2,1.61,0,41.76,0.17,0,6.03,0,2.24,0,0,0,0,3.34,53.16,1.78,0,31.19,0,0,5.44,0,5.1,0,0,0,9.14,49.72,0.01,0,30.1,0,0,4.36,0,6.67,0,0,0,0,10.39,52.53,0.26,0,29.01,0,0,4.58,0,3.23,0,0,0,1.09,6.67,47.35,6.47,0.19,29.08,0.18,0,2.74,0,6.24,0,0,0,1.06,6.67,47.35,9.68,0,28.95,0.26,0.43,2.91,0,2.68,0,0,0,2.22,6.3,48.65,7.81,0.06,27.06,0.97,0.08,5.71,0,1.14,0,0,0
Santa Eulàlia de Ronçana,0,0,14.19,55.74,2.52,6.04,0.16,0,21,0,0.34,0,0,0,0,0,17.41,59.72,0.72,0.66,0,0.08,20.69,0,0.71,0,0,0,0,33.67,35.54,6.02,0.31,0,1.43,20.69,0,2.34,0,0,0,0,0,33.73,35.72,5.7,0.22,0,1.33,21.23,0,2.08,0,0,0,0,0,29.07,28.62,5.95,14.56,0.47,3.55,17.35,0,0.43,0,0,0,0,0,29.07,32.81,3.86,14.94,2.26,1.69,15.18,0,0.18,0,0,0,0,0,31.05,31.91,5.26,8.94,0.72,1.9,20.05,0.04,0.12,0,0,0
Santa Fe del Penedès,0,0,6.26,10.16,66.73,6.21,0,0.91,0,0,9.73,0,0,0,0,0,3.49,0.32,82.11,8.4,0,0.05,0,0,5.63,0,0,0,0,3.17,2.11,86.4,4.24,0,3.01,0,0,1.07,0,0,0,0,0,3.28,2.11,86.72,4.24,0,2.56,0,0,1.09,0,0,0,0,1.04,5.6,1.84,77.58,5.01,0,8.72,0.21,0,0,0,0,0,0.16,1.04,5.63,10.24,75.34,3.73,0,3.71,0.16,0,0,0,0,0,0,1.04,6.32,7.76,78.43,1.23,0,2.03,2.61,0,0.59,0,0,0
Santa Margarida i els Monjos,0,1.48,9.46,4.3,40.69,27.71,0,2.02,1.59,0,12.77,0,0,0,0,1.21,11.06,2.46,35.63,32.49,0,0.76,3.89,0,12.5,0,0,0.09,2.4,12.35,2.16,38.57,26.4,0,1.99,4.85,0,11.19,0,0,0,0.09,2.37,12.69,1.99,38.72,26.77,0,2.18,4.87,0,10.33,0,0,0,0,1.75,14.28,5.12,36.89,23.35,0,6.95,7.39,0,4.27,0,0,0,0,1.75,14.61,4.69,38.77,24.57,0.07,5.08,5.76,0,4.71,0,0,0,0,1.75,15.29,5.01,43.08,19.94,0.03,2.77,9.42,0,2.72,0,0,0
Santa Maria de Martorelles,0,0,2.59,1.52,9.29,10.03,30.16,0,45.7,0,0.71,0,0,0,0,0,2.45,4.35,5.22,10.01,29.46,0,48.23,0,0.28,0,0,0,0,5.5,5.06,3.24,5.56,33.76,0,44.33,0,2.55,0,0,0,0,0,5.87,5.46,3.08,5.44,28.48,0,49.44,0,2.23,0,0,0,0,0,5.56,1.52,0,24.9,43.6,3.52,20.9,0,0,0,0,0,0,0,5.56,0.93,3.74,23.83,50.21,2.14,13.57,0,0,0,0,0,0,0,6.33,0.73,5.48,14.81,51.02,0.99,20.64,0,0,0,0,0
Santa Maria de Palautordera,0,0.64,6.86,47.75,0,2.83,1.94,1.95,36.55,0,1.49,0,0,0,0,1.73,9.11,45.97,0,1.14,4.43,0.78,36.47,0,0.36,0,0,0,1.95,13.14,43.3,0,1.58,4.7,0.61,32.69,0,2.03,0,0,0,0,1.98,14.58,33.9,0,2.08,6.12,4.44,32.58,0,4.32,0,0,0,0,1.39,21.6,20.09,0,15.15,10.84,8.01,19.37,0,3.55,0,0,0,0,1.39,23.24,28.04,0,12.48,12.28,4.49,17.42,0,0.65,0,0,0,0,1.39,24.68,27.9,0.28,5.31,3.83,4.18,32.17,0,0.25,0,0,0
Santa Perpètua de Mogoda,0,2.04,19.69,74.08,0,0.77,0,0,0.74,0,2.68,0,0,0,0,3.95,24.31,62.91,0,0.19,0,0,0.21,0,8.43,0,0,0,9.6,31.7,48.79,0,0.28,0,0.72,0.24,0,8.66,0,0,0,0,9.68,32.57,47.18,0,0.3,0,0.72,0.25,0,9.3,0,0,0,0,7.04,39.03,44.4,0.17,3.53,0,1.4,0.6,0,3.83,0,0,0,0,7,39.05,45.94,0.12,3.8,0,1.55,0.45,0,2.09,0,0,0,0,7,40.29,45.39,0.35,3.58,0,0.37,1.32,0,1.71,0,0,0
Santa Susanna,0,0,6.11,14.24,0.31,15.25,15.48,0.61,44.11,0,2.68,0,0.96,0.24,0,0,8.56,16.17,0,9.72,15.43,0.7,46.16,0,1.24,1.68,0.35,0,3.1,10.27,13.72,0,5.08,15.76,0.43,45.42,0,5.01,0,0.83,0.38,0,3.08,11.64,12.59,0,4.88,15.95,0.41,45.66,0,4.17,0,1.37,0.26,0,2.71,14.85,8.5,0,10.1,22.21,0.21,37.98,0,2.41,0,0.95,0.09,0,2.71,14.85,10.02,0,15.02,21.95,0.24,33.21,0,0.92,0,1.01,0.07,0,2.5,15.82,9.15,0.04,7.43,22.76,0.26,39.45,0,1.58,0,0.9,0.11
Sentmenat,0,0,5.28,31.73,3.27,6.39,8.97,0.18,43.2,0,0.98,0,0,0,0,0,7.33,32.87,2.37,6.54,6.27,0,44.34,0,0.28,0,0,0,0,11.42,28.86,3.46,8.74,7.76,0.41,38.66,0,0.7,0,0,0,0,0,11.68,28.44,3.18,8.75,7.89,0.32,38.99,0,0.74,0,0,0,0,0,13.25,23.17,1.64,11.61,0.9,0.4,48.85,0,0.18,0,0,0,0,0,13.25,23.68,1.88,14.35,2,0.54,44.13,0,0.19,0,0,0,0.02,0,14.21,25.83,1.82,7.67,1.52,0.34,48.49,0,0.09,0,0,0
Sitges,0.03,0.11,11.34,4.09,2.84,56.29,0,0.02,10.27,0,12.5,0,0.92,1.59,0.03,3.11,7.73,3.54,1.98,58.7,0,0,11.82,0,10.79,0.32,1.98,0,4.5,9.71,2.85,1.67,55.65,0.04,0,11.4,0,11.82,0,0.6,1.75,0,4.5,10.7,3.71,1.71,55.1,0.03,0,11.36,0,11.03,0.31,0.44,1.1,0,3.28,12.2,3.15,1.54,57.08,0.01,0.06,13.4,0,8.19,0,0.7,0.37,0,3.38,12.21,2.76,1.85,56.18,0.09,0.3,15.8,0,6.57,0,0.68,0.19,0,3.4,12.82,3.08,2.1,54.54,0.57,0,16.16,0,6.62,0,0.51,0.19
Subirats,0,1.65,1.26,2.14,40.75,18.37,0.18,0.8,25.83,0,5.95,3.07,0,0,0,1.61,2.01,0.15,37.17,33.13,0.43,1.07,21.79,0,2.63,0,0,0,1.81,3.29,1.91,40.5,24.19,0.46,2.79,22.56,0,2.35,0.14,0,0,0,2.16,3.3,2.04,39.9,22.79,0.46,3.23,23.69,0,2.42,0,0,0,0,0.91,4.25,2.17,40.07,24.27,0.95,2.83,23.84,0,0.72,0,0,0,0,0.91,4.25,3.63,40.21,25.61,1.42,1.49,21.83,0,0.66,0,0,0,0,0.91,4.66,3.21,42.26,16.61,1.61,0.68,29.55,0,0.51,0,0,0
Tagamanent,0,0,0.49,4.29,0,27.23,20.96,4.42,41.9,0,0.71,0,0,0,0,0.72,0.64,3.18,0,23.64,32.76,3.2,35.74,0,0.12,0,0,0,1.76,0.39,1.96,0,23.93,32.73,2.85,36.32,0,0.06,0,0,0,0,1.85,0.42,2.25,0,17.16,36.92,4.11,36.93,0,0.35,0,0,0,0,0.71,0.83,1.31,0,10.07,45.52,12.33,29.18,0,0.05,0,0,0,0,0.71,0.83,0.87,0,9.2,37.16,22.39,28.79,0,0.06,0,0,0,0,0.71,0.95,0.87,0,12.01,58.39,6.63,20.32,0,0.12,0,0,0
Teià,0,1.1,9.92,26.17,21.41,23.13,0.32,0,17.69,0,0.27,0,0,0,0,3.95,19.24,18.81,4.85,33.33,0,0,19.1,0,0.71,0,0,0,5.05,34.55,9.54,2.85,22.89,0,0,21.31,0,3.8,0,0,0,0,5.31,34.39,11.07,3.12,22.43,0,0,20.74,0,2.94,0,0,0,0,1.92,26.9,7.12,1.44,41.73,0.27,0.11,14.19,0,6.32,0,0,0,0,1.92,26.1,9.9,1.08,43.64,0.87,0.26,14.86,0,1.37,0,0,0,0,1.92,28.65,9.23,5.59,33.75,1.17,0.12,16.41,0,0.73,2.43,0,0
Terrassa,0,0.68,28.76,16.51,1.47,15.61,12.22,0.1,20.11,0,0.99,3.55,0,0,0,2.82,23.34,15.95,0.87,18.05,9.85,0.02,22.87,0,6.25,0,0,0,3.46,26.92,15.26,0.28,15.38,11.03,0.87,20.53,0,6.27,0,0,0,0,3.52,27.11,14.96,0.43,15.35,11.05,0.8,20.38,0,6.39,0,0,0,0.05,2.74,27.47,12.3,0.27,17.19,6.88,0.35,29.38,0,3.38,0,0,0,0.03,2.74,27.5,13.91,0.11,17.2,6.6,1.22,26.56,0,4.12,0,0,0,0.04,2.74,28.48,14.85,0.5,14.82,12.07,0.37,24.38,0.02,1.71,0,0,0
Tiana,0,0,9.28,9.29,20.09,47.26,4.63,0,8.05,0,1.4,0,0,0,0,0.38,11.42,19.17,4.55,50.07,0,0.3,11.96,0,2.17,0,0,0,3.18,17.11,12.64,5.99,57.42,0,0,0.4,0,3.26,0,0,0,0,3.49,17.51,11.97,5.56,56.44,0,0,0.41,0,4.54,0.09,0,0,0,1.42,18.12,5.49,4.3,64.32,1.05,0,2.68,0,2.62,0,0,0,0.07,1.42,18.17,3.76,4.68,64.74,3,0,2.44,0,1.72,0,0,0,0,1.41,19.56,2.13,3.98,66.62,1.71,0,3.05,0,1.54,0,0,0
Tordera,0.02,0,5.64,20.7,1.62,20.31,16.53,4.94,28.17,0,2.06,0,0,0,0.28,0,7.44,21.42,1.21,17.03,19.33,3.51,28.36,0,1.4,0,0,0.43,0.33,7.84,20.03,0.46,13.66,23.34,3.59,28.83,0,1.49,0,0,0,0.55,0.77,8.87,19.87,0.3,11.48,23.04,4.52,29.04,0,1.57,0,0,0,0.02,0.59,10.59,13.62,0.15,17.72,35.48,7.65,13.15,0,1.04,0,0,0,0.01,0.59,10.6,16.42,0.13,21.36,32.51,4.31,13.61,0,0.46,0,0,0,0,0.59,11.34,16.57,0.73,12.08,28.66,2.39,27.05,0.02,0.57,0,0,0
Torrelavit,0,0,0.99,9.89,55.34,26.21,0,2.36,2.13,0,3.09,0,0,0,0,0,2.37,4.34,54.06,29.4,0,1.82,5.96,0,2.05,0,0,0,0,2.57,7.24,59.59,11.54,0,9.82,8.55,0,0.69,0,0,0,0,2.31,2.47,9.62,53.04,19.58,0,5.65,7.33,0,0,0,0,0,0,1.11,3.83,4.32,53.54,22.65,0,4.33,10.14,0,0.08,0,0,0,0,1.11,3.83,8.46,55.3,20.31,0.25,1.95,8.73,0,0.04,0,0,0,0,1.11,4.25,9.23,57.42,8.19,0.02,1.16,18.42,0,0.2,0,0,0
Torrelles de Foix,0,0,1.42,6.19,28.71,24.57,0.19,0.8,16.28,0,4.3,17.53,0,0,0,0,4.13,4.92,27.74,41.79,0.26,0.38,20.26,0,0.52,0,0,0,0,5.99,4.44,29.39,38.01,0.91,1.99,19.1,0,0.17,0,0,0,0,0,5.98,4.84,27.52,37.48,0.71,2.61,20.22,0,0.15,0.5,0,0,0,0,6.07,4.44,21.78,29.77,1.95,3.21,32.77,0,0,0,0,0,0,0,6.07,4.2,23.43,26.47,2.65,3.74,33.29,0,0,0.14,0,0,0,0,6.61,5.6,26.26,32.24,0.72,0.96,27.57,0,0.04,0,0,0
Torrelles de Llobregat,0,0,5.63,0.7,0.5,33.04,0,0,60.14,0,0,0,0,0,0,0,9.36,0.14,18.68,16.21,0,0,54.81,0,0.8,0,0,0,0,19.8,0,14.47,11.3,0.69,0,50.88,0,2.85,0,0,0,0,0,19.8,0.24,9.99,15.31,0.63,0,51.18,0,2.84,0,0,0,0.07,0,17.33,0,6.18,22.91,0.29,0.28,52.31,0,0.62,0,0,0,0.06,0,17.33,0.52,2.11,38.72,6.36,0.8,33.54,0,0.57,0,0,0,0.05,0,18.55,0.64,1.78,22.01,4.38,0.53,51.48,0,0.57,0,0,0
Ullastrell,0,0,6.11,2.43,7.95,45.6,4.3,0,31.27,0,2.33,0,0,0,0,0,5.44,2.89,7.8,46.32,2.02,0,33.07,0,2.47,0,0,0,0,8.94,3.68,6.72,60.35,0.89,0,16.38,0,3.03,0,0,0,0,0,8.95,3.68,7.09,60.18,0.88,0,16.58,0,2.64,0,0,0,0,0.2,9.08,1.52,0.49,56.86,1.05,0.71,28.52,0,1.58,0,0,0,0,0.2,9.08,5.68,1.48,64.58,1.8,1.65,14.67,0,0.86,0,0,0,0,0.2,9.87,4.54,2.26,57.43,1.81,0.59,22.68,0,0.64,0,0,0
Vacarisses,0,0,3,5.29,0.34,18.47,28.5,0.16,24.43,0,1.32,18.49,0,0,0.01,2.34,7.64,3.21,0.21,29.82,19.23,0,35.07,0,2.48,0,0,0,2.9,9.34,2.72,0.07,34.63,20.97,0,25.66,0,3.71,0,0,0,0,2.97,9.75,2.35,0.33,35.43,21.06,0,25.29,0,2.82,0,0,0,0,1.05,13.06,3,0,30.65,10.56,1.88,38.4,0,1.41,0,0,0,0,1.05,13.07,3.41,0,37.93,12.26,2.2,28.57,0,1.52,0,0,0,0,1.05,13.73,3.7,0.24,32.55,14.56,0.5,32.2,0,1.48,0,0,0
Vallgorguina,0,0.61,0.79,5.7,2.75,13.06,26.52,14.01,36.43,0,0.14,0,0,0,0,1.14,3.23,6.99,0.05,5.06,34.88,12.48,35.99,0,0.18,0,0,0,1.55,6.66,4.94,0,4.22,46.07,7.3,28,0,1.26,0,0,0,0,1.66,6.5,4.7,0,3.56,46.12,7.52,28.57,0,1.36,0,0,0,0,0.77,10.1,3.27,0,6.42,62.77,6.29,10.06,0,0.32,0,0,0,0,0.79,10.11,1.82,0,11.63,59.86,7.24,8.28,0,0.27,0,0,0,0,0.78,11.1,2.14,0.12,2.42,48.34,7.25,27.71,0,0.15,0,0,0
Vallirana,0,0,18.97,0.26,0.55,26.61,1.94,0,47.37,0,4.3,0,0,0,0,0,19.19,0,0.07,25.23,0.88,0,47.61,0,7.02,0,0,0,0,30.96,0,0.5,20.18,1.37,0,38.31,0,8.68,0,0,0,0,1.96,30.13,0,0.47,18.97,1.38,0,38.6,0,8.5,0,0,0,0,0.53,28.36,0.14,0.12,18.83,3.15,0.81,41.75,0,6.3,0,0,0,0,0.53,28.38,0.04,0.2,24.08,3.41,0.59,35.53,0,7.25,0,0,0,0,0.53,29.67,0.16,0.15,16.28,5.74,0.05,40.41,0,7.01,0,0,0
Vallromanes,0,0,4.35,13,2.06,9.87,20.53,0.78,49.4,0,0,0,0,0,0,0,5.62,12.6,0.74,6.99,15.78,0,58.28,0,0,0,0,0,0,24.26,7.39,0.49,1.66,16.29,0.72,48.9,0,0.28,0,0,0,0,0,18.87,11.73,0.55,1.85,16.26,1.14,49.33,0,0.26,0,0,0,0,0,14.28,9.37,0,18.61,27.46,1.45,28.78,0,0.04,0,0,0,0,0,14.32,9.86,0,17.88,34.06,1.82,22.06,0,0,0,0,0,0,0,15.54,7.68,0.11,9.48,25.57,2.19,39.43,0,0,0,0,0
Viladecans,0.02,0,21.25,38.05,0.66,16.46,0,0,3.08,11.18,7.18,0,1.62,0.5,0.62,2.78,20.13,38.58,1.33,10.17,0,0,3.2,11.78,10.1,0.67,0.64,1.15,5.25,21.42,36.29,0.67,10.59,0,0,2.26,9.66,10.62,0.29,1.19,0.63,1.14,5.19,22.25,36.37,0.66,10.51,0,0,2.42,9.48,10.68,0,1.15,0.15,1.5,3.81,27.79,31.57,1.47,8.33,0,0,7.33,3.71,13.22,0,1.22,0.06,1.78,5.63,28.44,35.38,1.34,15.08,0,0,3.54,1.75,5.83,0,1.19,0.05,0.89,5.59,29.69,35.45,0.8,13.62,0.02,0.03,5.49,4.18,3.56,0,0.55,0.12
Viladecavalls,0,0,8.98,8.61,2.88,30.73,4.28,0.08,44.39,0,0.05,0,0,0,0,3.79,9.03,6.66,0.64,24.29,2.23,0,50.61,0,2.75,0,0,0,5.03,13.07,5.81,0.08,19.52,3.22,0,49.52,0,3.76,0,0,0,0,5.13,12.88,5.74,0.08,20.05,3.2,0,49.47,0,3.45,0,0,0,0,3.43,13.51,2.76,0,20.31,1.05,0.44,57.1,0,1.4,0,0,0,0,3.43,13.51,1.64,0,24.57,2.65,0.42,48.08,0,5.7,0,0,0,0,3.43,14.27,2.32,1.4,16.32,2.39,0.45,56.56,0,2.86,0,0,0
Vilafranca del Penedès,0,3.58,13.53,15.8,56.43,0.53,0,1.82,0.06,0,8.26,0,0,0,0,4.56,14.52,7.69,62.75,1.14,0,1.01,0.1,0,8.23,0,0,0,9.88,16.25,9.88,53.34,4.19,0,0.6,0.25,0,5.6,0,0,0,0,10.55,16.57,9.92,53.85,3.79,0,0.66,0.25,0,4.42,0,0,0,0,6.4,22.88,9.42,53.38,3.48,0,1,0.26,0,3.17,0,0,0,0.03,6.45,22.9,10,55.38,1.61,0,0.59,0.24,0,2.8,0,0,0,0,6.57,23.66,13.21,52.2,2.17,0.07,0.27,0.53,0,1.3,0,0,0
Vilalba Sasserra,0,1.24,1.38,9.06,0.92,2,39.02,2.41,43.96,0,0,0,0,0,0,1.86,2.26,8.36,0.84,0.89,40.4,0.71,44.69,0,0,0,0,0,2.64,2.32,7.99,0.28,0.37,49.92,0.8,35.45,0,0.23,0,0,0,0,2.64,2.18,7.97,0.26,0.35,45.55,0.71,40.12,0,0.22,0,0,0,0,1.54,4.41,4.85,0,10.75,44.29,1.35,32.8,0,0.02,0,0,0,0,1.54,4.41,6.56,0,13.89,48.97,1.92,22.72,0,0,0,0,0,0,1.43,4.87,7.43,0,1.71,53.43,0.72,30.06,0,0.35,0,0,0
Vilanova del Vallès,0,0.33,5.51,34.43,1.2,11.17,3.21,0,42.73,0,1.42,0,0,0,0,0.65,9.1,35.19,0.06,6.94,1.64,0,45.64,0,0.77,0,0,0,0.71,25.69,31.23,0,0.98,1.87,0,38.19,0,1.32,0,0,0,0,0.76,25.89,30.68,0,1.09,1.87,0,37.52,0,2.18,0,0,0,0,0.56,17.47,27.84,0,16.77,7.51,0.27,28.39,0,1.19,0,0,0,0,0.53,17.48,29.62,0,19.87,8.6,0.14,23.04,0,0.74,0,0,0,0,0.53,19.82,28.38,0.01,6.82,9.01,0.47,33.59,0,1.37,0,0,0
Vilanova i la Geltrú,0,0.72,25.83,9.19,17.46,28.74,0,0.15,4.32,0,11.94,0,1.13,0.53,0,0.46,23.4,5.28,14.93,39.55,0,0,2.63,0,12.05,0.62,1.08,0,4.07,29.64,3.98,16.93,24.81,0,0,5.62,0,12.91,0.27,0.67,1.1,0.04,4.36,31.79,3.39,17,25.19,0,0,5.59,0,11,0,0.73,0.9,0,3.72,30.24,17.92,8.33,25.9,0,0,9.3,0,3.44,0,0.8,0.36,0,3.85,30.19,13.96,7.7,21.99,0,0,7.67,0,2.51,11.17,0.79,0.17,0,3.85,31.59,14.43,8.55,30.08,0,0,8.99,0.03,1.56,0,0.85,0.09
Vilassar de Dalt,0,1.42,12.16,23.63,2.81,13.44,8.03,0,37.35,0,1.16,0,0,0,0,3.2,15.26,19.87,0,13.8,5.48,0,41.28,0,1.11,0,0,0,4.1,20.19,15.46,0,5.31,5.51,0,48.1,0,1.33,0,0,0,0,4.16,19.98,15.7,0,5.15,5.67,0,48.28,0,1.06,0,0,0,0,2.12,20.67,7.54,0.79,22.93,15.4,1.09,27.99,0,1.48,0,0,0,0,2.15,20.7,8.88,1.01,25.01,17.63,1.01,22.77,0,0.85,0,0,0,0,2.15,21.71,7.02,1.29,15.11,15.45,1.36,35.05,0,0.87,0,0,0
Vilassar de Mar,0,1.45,23.22,71.3,0,1.06,0,0,0,0,0,0,2.98,0,0,0.18,26.33,66.85,0,0,0,0,0,0,2.26,3.86,0.52,0,0.54,39,52.21,0,0,0,0,0,0,4.02,0,3.25,0.97,0,0.54,39.16,54.81,0,0,0,0,0.7,0,0.84,0,3.46,0.5,0,2.46,44.17,46.27,0,0.05,0,0,0,0,5.67,0,1.26,0.11,0,2.57,44.33,47.61,0,2.46,0,0,0,0,0.97,0,1.94,0.11,0,2.55,46.14,44.13,0.18,3.03,0,0,0.18,0,1.51,0,1.83,0.45
Vilobí del Penedès,0,0,5.42,9.67,73.54,1.21,0,0.11,0,0,10.04,0,0,0,0,0,6.18,2.29,82.47,1.8,0,0,0.99,0,6.27,0,0,0,0,6.49,3.31,82.95,3.64,0,0.11,0.88,0,2.62,0,0,0,0,0,6.37,3,82.87,4,0,0.13,1.18,0,2.45,0,0,0,0.29,0,10.86,2.09,80.39,3.34,0,1.53,1.01,0,0.5,0,0,0,0.29,0,10.86,2.59,80.54,3.76,0,1,0.82,0,0.13,0,0,0,0.35,0,11.81,4.78,78.36,2.71,0,0.37,1.4,0,0.22,0,0,0
