nommuni,e_ecologic_07_12,suma_reco,total_recorregut,%,field_6,nommuni_1,ecologic_13_18,suma_reco_1,total_recorregut_1,%_1
Abrera,Bo,35400.17,77685.99,45.57,,Abrera,Deficient,72442.02,77685.99,93.25
Abrera,Deficient,21550.91,77685.99,27.74,,Abrera,Mediocre,5243.97,77685.99,6.75
Abrera,Mediocre,20734.91,77685.99,26.69,,Aiguafreda,Bo,15106.09,15106.09,100
Aiguafreda,Bo,8545.26,15106.09,56.57,,Argentona,Dades parcials,16087.53,16087.53,100
Aiguafreda,Mediocre,6560.84,15106.09,43.43,,Avinyonet del Penedès,Deficient,99249.43,99249.43,100
Argentona,Sense Controls,16087.53,16087.53,100,,Badia del Vallès,Deficient,7002.61,7002.61,100
Avinyonet del Penedès,Deficient,99249.43,99249.43,100,,Barberà del Vallès,Bo,19949,19949,100
Badia del Vallès,Dolent,7002.61,7002.61,100,,Barcelona,Deficient,9967.22,9967.22,100
Barberà del Vallès,Deficient,19949,19949,100,,Begues,Deficient,80510.77,80510.77,100
Barcelona,Deficient,9967.22,9967.22,100,,Bigues i Riells,Bo,21452.27,21452.27,100
Begues,Deficient,80510.77,80510.77,100,,Cabrera de Mar,Dades parcials,6700.01,6700.01,100
Bigues i Riells,Mediocre,21452.27,21452.27,100,,Caldes de Montbui,Bo,21216.36,33567.92,63.2
Cabrera de Mar,Sense Controls,6700.01,6700.01,100,,Caldes de Montbui,Mediocre,12351.56,33567.92,36.8
Caldes de Montbui,Mediocre,12351.56,33567.92,36.8,,Canovelles,Mediocre,11422.53,11422.53,100
Caldes de Montbui,Molt bo,21216.36,33567.92,63.2,,Cànoves i Samalús,Bo,13304.64,13304.64,100
Canovelles,Dades Parcials,11422.53,11422.53,100,,Canyelles,Deficient,80510.77,80510.77,100
Cànoves i Samalús,Mediocre,13304.64,13304.64,100,,Cardedeu,Bo,13304.64,13304.64,100
Canyelles,Deficient,80510.77,80510.77,100,,Castellar del Vallès,Bo,22851.5,28199.18,81.04
Cardedeu,Mediocre,13304.64,13304.64,100,,Castellar del Vallès,Mediocre,5347.67,28199.18,18.96
Castellar del Vallès,Bo,10618.88,28199.18,37.66,,Castellbisbal,Deficient,52775.34,94373.69,55.92
Castellar del Vallès,Deficient,17580.3,28199.18,62.34,,Castellbisbal,Dolent,27429.34,94373.69,29.06
Castellbisbal,Deficient,41595.27,94373.69,44.08,,Castellbisbal,Mediocre,14169.01,94373.69,15.01
Castellbisbal,Dolent,27429.34,94373.69,29.06,,Castellcir,Bo,11367.32,32218.93,35.28
Castellbisbal,Mediocre,25349.08,94373.69,26.86,,Castellcir,Mediocre,20851.61,32218.93,64.72
Castellcir,Mediocre,32218.93,32218.93,100,,Castellet i la Gornal,Deficient,52609.89,110439.09,47.64
Castellet i la Gornal,Deficient,11857.77,110439.09,10.74,,Castellet i la Gornal,Dolent,47352.74,110439.09,42.88
Castellet i la Gornal,Mediocre,63086.35,110439.09,57.12,,Castellet i la Gornal,Mediocre,10476.46,110439.09,9.49
Castellet i la Gornal,Sense Controls,35494.97,110439.09,32.14,,Castellterçol,Bo,37737.68,58589.29,64.41
Castellterçol,Mediocre,58589.29,58589.29,100,,Castellterçol,Mediocre,20851.61,58589.29,35.59
CastellvÃ­ de la Marca,Sense Controls,35494.97,35494.97,100,,CastellvÃ­ de la Marca,Dolent,35494.97,35494.97,100
CastellvÃ­ de Rosanes,Deficient,20044.36,20044.36,100,,CastellvÃ­ de Rosanes,Deficient,20044.36,20044.36,100
Cerdanyola del VallÃ¨s,Bo,9868.8,16871.4,58.49,,Cerdanyola del VallÃ¨s,Dades parcials,9868.8,16871.4,58.49
Cerdanyola del VallÃ¨s,Dolent,7002.61,16871.4,41.51,,Cerdanyola del VallÃ¨s,Deficient,7002.61,16871.4,41.51
CervellÃ³,Mediocre,7281.75,25945.79,28.07,,CervellÃ³,Bo,7281.75,25945.79,28.07
CervellÃ³,Sense Controls,18664.04,25945.79,71.93,,CervellÃ³,Deficient,10644.2,25945.79,41.02
CollbatÃ³,Bo,35400.17,50891.1,69.56,,CervellÃ³,Mediocre,8019.84,25945.79,30.91
CollbatÃ³,Mediocre,15490.94,50891.1,30.44,,CollbatÃ³,Deficient,50891.1,50891.1,100
Corbera de Llobregat,Sense Controls,8019.84,8019.84,100,,Corbera de Llobregat,Mediocre,8019.84,8019.84,100
CornellÃ  de Llobregat,Deficient,9967.22,9967.22,100,,CornellÃ  de Llobregat,Deficient,9967.22,9967.22,100
Cubelles,Mediocre,10476.46,10476.46,100,,Cubelles,Mediocre,10476.46,10476.46,100
Dosrius,Sense Controls,9387.52,9387.52,100,,Dosrius,Dades parcials,9387.52,9387.52,100
el Papiol,Dolent,27429.34,38609.4,71.04,,el Papiol,Deficient,11180.07,38609.4,28.96
el Papiol,Mediocre,11180.07,38609.4,28.96,,el Papiol,Dolent,27429.34,38609.4,71.04
el Pla del PenedÃ¨s,Deficient,18738.66,18738.66,100,,el Pla del PenedÃ¨s,Deficient,18738.66,18738.66,100
el Prat de Llobregat,Deficient,9967.22,9967.22,100,,el Prat de Llobregat,Deficient,9967.22,9967.22,100
Esparreguera,Bo,35400.17,50891.1,69.56,,Esparreguera,Deficient,50891.1,50891.1,100
Esparreguera,Mediocre,15490.94,50891.1,30.44,,FigarÃ³-Montmany,Mediocre,12072.55,12072.55,100
FigarÃ³-Montmany,Mediocre,12072.55,12072.55,100,,Fogars de MontclÃºs,Bo,29819.69,41825.97,71.29
Fogars de MontclÃºs,Bo,16927.6,41825.97,40.47,,Fogars de MontclÃºs,Mediocre,10060.66,41825.97,24.05
Fogars de MontclÃºs,Mediocre,24898.37,41825.97,59.53,,Fogars de MontclÃºs,Molt bo,1945.62,41825.97,4.65
Font-rubÃ­,Deficient,17002.72,17002.72,100,,Font-rubÃ­,Dolent,17002.72,17002.72,100
Gallifa,Molt bo,15717.32,15717.32,100,,Gallifa,Bo,15717.32,15717.32,100
Gelida,Deficient,27320.07,27320.07,100,,Gelida,Deficient,27320.07,27320.07,100
Granera,Mediocre,37737.68,37737.68,100,,Granera,Bo,37737.68,37737.68,100
Granollers,Dades Parcials,11422.53,20643.54,55.33,,Granollers,Deficient,9221.01,20643.54,44.67
Granollers,Deficient,9221.01,20643.54,44.67,,Granollers,Mediocre,11422.53,20643.54,55.33
Gualba,Mediocre,22532.72,22532.72,100,,Gualba,Mediocre,22532.72,22532.72,100
l'Ametlla del VallÃ¨s,Mediocre,10084.95,10084.95,100,,l'Ametlla del VallÃ¨s,Bo,10084.95,10084.95,100
l'Hospitalet de Llobregat,Deficient,9967.22,9967.22,100,,l'Hospitalet de Llobregat,Deficient,9967.22,9967.22,100
la Garriga,Dades Parcials,11422.53,23495.08,48.62,,la Garriga,Mediocre,23495.08,23495.08,100
la Garriga,Mediocre,12072.55,23495.08,51.38,,la Llagosta,Deficient,8873.01,21224.57,41.81
la Llagosta,Dolent,8873.01,21224.57,41.81,,la Llagosta,Mediocre,12351.56,21224.57,58.19
la Llagosta,Mediocre,12351.56,21224.57,58.19,,la Palma de CervellÃ³,Mediocre,8019.84,8019.84,100
la Palma de CervellÃ³,Sense Controls,8019.84,8019.84,100,,la Roca del VallÃ¨s,Bo,13304.64,22572.94,58.94
la Roca del VallÃ¨s,Mediocre,22572.94,22572.94,100,,la Roca del VallÃ¨s,Mediocre,9268.29,22572.94,41.06
les Franqueses del VallÃ¨s,Dades Parcials,11422.53,11422.53,100,,les Franqueses del VallÃ¨s,Mediocre,11422.53,11422.53,100
LliÃ§Ã  d'Amunt,Deficient,11638.18,26665.64,43.64,,LliÃ§Ã  d'Amunt,Bo,10084.95,26665.64,37.82
LliÃ§Ã  d'Amunt,Mediocre,15027.46,26665.64,56.36,,LliÃ§Ã  d'Amunt,Mediocre,16580.68,26665.64,62.18
LliÃ§Ã  de Vall,Deficient,11638.18,16580.68,70.19,,LliÃ§Ã  de Vall,Mediocre,16580.68,16580.68,100
LliÃ§Ã  de Vall,Mediocre,4942.51,16580.68,29.81,,Llinars del VallÃ¨s,Deficient,5034.37,14302.66,35.2
Llinars del VallÃ¨s,Mediocre,14302.66,14302.66,100,,Llinars del VallÃ¨s,Mediocre,9268.29,14302.66,64.8
Malgrat de Mar,Mediocre,5381.46,5381.46,100,,Malgrat de Mar,Deficient,5381.46,5381.46,100
Martorell,Deficient,20044.36,34213.37,58.59,,Martorell,Deficient,20044.36,34213.37,58.59
Martorell,Mediocre,14169.01,34213.37,41.41,,Martorell,Mediocre,14169.01,34213.37,41.41
Martorelles,Deficient,11638.18,20511.18,56.74,,Martorelles,Deficient,8873.01,20511.18,43.26
Martorelles,Dolent,8873.01,20511.18,43.26,,Martorelles,Mediocre,11638.18,20511.18,56.74
Matadepera,Dolent,27429.34,27429.34,100,,Matadepera,Dolent,27429.34,27429.34,100
MatarÃ³,Sense Controls,6700.01,6700.01,100,,MatarÃ³,Dades parcials,6700.01,6700.01,100
Mediona,Bo,28708.75,28708.75,100,,Mediona,Bo,28708.75,28708.75,100
Molins de Rei,Bo,6996.95,18177.02,38.49,,Molins de Rei,Deficient,11180.07,18177.02,61.51
Molins de Rei,Mediocre,11180.07,18177.02,61.51,,Molins de Rei,Mediocre,6996.95,18177.02,38.49
Mollet del VallÃ¨s,Deficient,11638.18,20511.18,56.74,,Mollet del VallÃ¨s,Deficient,8873.01,20511.18,43.26
Mollet del VallÃ¨s,Dolent,8873.01,20511.18,43.26,,Mollet del VallÃ¨s,Mediocre,11638.18,20511.18,56.74
Montcada i Reixac,Bo,9868.8,42810.34,23.05,,Montcada i Reixac,Bo,7716.37,42810.34,18.02
Montcada i Reixac,Deficient,7716.37,42810.34,18.02,,Montcada i Reixac,Dades parcials,9868.8,42810.34,23.05
Montcada i Reixac,Dolent,25225.17,42810.34,58.92,,Montcada i Reixac,Deficient,25225.17,42810.34,58.92
MontmelÃ³,Deficient,20859.18,35390.7,58.94,,MontmelÃ³,Deficient,23752.53,35390.7,67.12
MontmelÃ³,Dolent,8873.01,35390.7,25.07,,MontmelÃ³,Mediocre,11638.18,35390.7,32.88
MontmelÃ³,Mediocre,5658.51,35390.7,15.99,,MontornÃ¨s del VallÃ¨s,Deficient,23752.53,23752.53,100
MontornÃ¨s del VallÃ¨s,Deficient,9221.01,23752.53,38.82,,Montseny,Bo,14837.71,14837.71,100
MontornÃ¨s del VallÃ¨s,Dolent,8873.01,23752.53,37.36,,OlÃ¨rdola,Deficient,80510.77,80510.77,100
MontornÃ¨s del VallÃ¨s,Mediocre,5658.51,23752.53,23.82,,Olesa de Bonesvalls,Deficient,80510.77,80510.77,100
Montseny,Mediocre,14837.71,14837.71,100,,Olesa de Montserrat,Deficient,37041.85,37041.85,100
OlÃ¨rdola,Deficient,80510.77,80510.77,100,,Olivella,Deficient,80510.77,80510.77,100
Olesa de Bonesvalls,Deficient,80510.77,80510.77,100,,Pacs del PenedÃ¨s,Dolent,17002.72,34039.62,49.95
Olesa de Montserrat,Deficient,21550.91,37041.85,58.18,,Pacs del PenedÃ¨s,Mediocre,17036.9,34039.62,50.05
Olesa de Montserrat,Mediocre,15490.94,37041.85,41.82,,Palafolls,Deficient,5381.46,5381.46,100
Olivella,Deficient,80510.77,80510.77,100,,Palau-solitÃ  i Plegamans,Dades parcials,8596.54,20948.1,41.04
Pacs del PenedÃ¨s,Deficient,17002.72,34039.62,49.95,,Palau-solitÃ  i Plegamans,Mediocre,12351.56,20948.1,58.96
Pacs del PenedÃ¨s,Mediocre,17036.9,34039.62,50.05,,PallejÃ ,Deficient,11180.07,11180.07,100
Palafolls,Mediocre,5381.46,5381.46,100,,Parets del VallÃ¨s,Mediocre,11638.18,11638.18,100
Palau-solitÃ  i Plegamans,Deficient,8596.54,20948.1,41.04,,Pineda de Mar,Bo,5131.93,5131.93,100
Palau-solitÃ  i Plegamans,Mediocre,12351.56,20948.1,58.96,,PolinyÃ ,Mediocre,12351.56,12351.56,100
PallejÃ ,Mediocre,11180.07,11180.07,100,,Pontons,Bo,12434.7,47929.67,25.94
Parets del VallÃ¨s,Deficient,11638.18,11638.18,100,,Pontons,Dolent,35494.97,47929.67,74.06
Pineda de Mar,Bo,5131.93,5131.93,100,,Rellinars,Bo,5715.63,5715.63,100
PolinyÃ ,Mediocre,12351.56,12351.56,100,,Ripollet,Bo,7716.37,14718.98,52.42
Pontons,Bo,12434.7,47929.67,25.94,,Ripollet,Deficient,7002.61,14718.98,47.58
Pontons,Sense Controls,35494.97,47929.67,74.06,,RubÃ­,Dolent,27429.34,27429.34,100
Rellinars,Mediocre,5715.63,5715.63,100,,Sabadell,Bo,12232.62,26445.85,46.26
Ripollet,Deficient,7716.37,14718.98,52.42,,Sabadell,Deficient,14213.22,26445.85,53.74
Ripollet,Dolent,7002.61,14718.98,47.58,,Sant AdriÃ  de BesÃ²s,Deficient,9141.54,9141.54,100
RubÃ­,Dolent,27429.34,27429.34,100,,Sant Andreu de la Barca,Mediocre,8925.04,8925.04,100
Sabadell,Deficient,12232.62,26445.85,46.26,,Sant Boi de Llobregat,Deficient,21147.29,21147.29,100
Sabadell,Dolent,14213.22,26445.85,53.74,,Sant CebriÃ  de Vallalta,Deficient,7791.91,7791.91,100
Sant AdriÃ  de BesÃ²s,Dolent,9141.54,9141.54,100,,Sant Celoni,Bo,30527.05,59771.87,51.07
Sant Andreu de la Barca,Mediocre,8925.04,8925.04,100,,Sant Celoni,Mediocre,29244.83,59771.87,48.93
Sant Boi de Llobregat,Deficient,9967.22,21147.29,47.13,,Sant Climent de Llobregat,Dades parcials,7146.94,7146.94,100
Sant Boi de Llobregat,Mediocre,11180.07,21147.29,52.87,,Sant Cugat del VallÃ¨s,Dades parcials,9868.8,44295.08,22.28
Sant CebriÃ  de Vallalta,Mediocre,7791.91,7791.91,100,,Sant Cugat del VallÃ¨s,Dolent,27429.34,44295.08,61.92
Sant Celoni,Bo,30527.05,59771.87,51.07,,Sant Cugat del VallÃ¨s,Mediocre,6996.95,44295.08,15.8
Sant Celoni,Mediocre,29244.83,59771.87,48.93,,Sant Esteve de Palautordera,Bo,14981.98,14981.98,100
Sant Climent de Llobregat,Sense Controls,7146.94,7146.94,100,,Sant Esteve Sesrovires,Deficient,20044.36,20044.36,100
Sant Cugat del VallÃ¨s,Bo,16865.75,44295.08,38.08,,Sant Feliu de Codines,Bo,11367.32,11367.32,100
Sant Cugat del VallÃ¨s,Dolent,27429.34,44295.08,61.92,,Sant Feliu de Llobregat,Deficient,11180.07,11180.07,100
Sant Esteve de Palautordera,Bo,14981.98,14981.98,100,,Sant Fost de Campsentelles,Deficient,8873.01,8873.01,100
Sant Esteve Sesrovires,Deficient,20044.36,20044.36,100,,Sant Iscle de Vallalta,Deficient,7791.91,7791.91,100
Sant Feliu de Codines,Mediocre,11367.32,11367.32,100,,Sant Joan DespÃ­,Deficient,21147.29,21147.29,100
Sant Feliu de Llobregat,Mediocre,11180.07,11180.07,100,,Sant LlorenÃ§ d'Hortons,Deficient,7275.71,7275.71,100
Sant Fost de Campsentelles,Dolent,8873.01,8873.01,100,,Sant LlorenÃ§ Savall,Bo,10618.88,10618.88,100
Sant Iscle de Vallalta,Mediocre,7791.91,7791.91,100,,Sant MartÃ­ Sarroca,Bo,28845.75,81377.62,35.45
Sant Joan DespÃ­,Deficient,9967.22,21147.29,47.13,,Sant MartÃ­ Sarroca,Dolent,35494.97,81377.62,43.62
Sant Joan DespÃ­,Mediocre,11180.07,21147.29,52.87,,Sant MartÃ­ Sarroca,Mediocre,17036.9,81377.62,20.94
Sant LlorenÃ§ d'Hortons,Deficient,7275.71,7275.71,100,,Sant Pere de Ribes,Deficient,80510.77,87995.29,91.49
Sant LlorenÃ§ Savall,Bo,10618.88,10618.88,100,,Sant Pere de Ribes,Dolent,7484.52,87995.29,8.51
Sant MartÃ­ Sarroca,Bo,28845.75,81377.62,35.45,,Sant Pere de Riudebitlles,Bo,28708.75,28708.75,100
Sant MartÃ­ Sarroca,Mediocre,17036.9,81377.62,20.94,,Sant Pere de Vilamajor,Bo,14837.71,14837.71,100
Sant MartÃ­ Sarroca,Sense Controls,35494.97,81377.62,43.62,,Sant Pol de Mar,Deficient,7791.91,7791.91,100
Sant Pere de Ribes,Deficient,80510.77,87995.29,91.49,,Sant QuintÃ­ de Mediona,Bo,28708.75,28708.75,100
Sant Pere de Ribes,Sense Controls,7484.52,87995.29,8.51,,Sant Quirze del VallÃ¨s,Deficient,7002.61,34431.94,20.34
Sant Pere de Riudebitlles,Bo,28708.75,28708.75,100,,Sant Quirze del VallÃ¨s,Dolent,27429.34,34431.94,79.66
Sant Pere de Vilamajor,Mediocre,14837.71,14837.71,100,,Sant Quirze Safaja,Bo,11367.32,11367.32,100
Sant Pol de Mar,Mediocre,7791.91,7791.91,100,,Sant SadurnÃ­ d'Anoia,Deficient,61020.33,65109.39,93.72
Sant QuintÃ­ de Mediona,Bo,28708.75,28708.75,100,,Sant SadurnÃ­ d'Anoia,Mediocre,4089.06,65109.39,6.28
Sant Quirze del VallÃ¨s,Dolent,34431.94,34431.94,100,,Sant VicenÃ§ dels Horts,Bo,7281.75,29106.02,25.02
Sant Quirze Safaja,Mediocre,11367.32,11367.32,100,,Sant VicenÃ§ dels Horts,Deficient,21824.27,29106.02,74.98
Sant SadurnÃ­ d'Anoia,Deficient,42872.08,65109.39,65.85,,Santa Coloma de CervellÃ³,Deficient,11180.07,11180.07,100
Sant SadurnÃ­ d'Anoia,Dolent,22237.31,65109.39,34.15,,Santa Coloma de Gramenet,Deficient,9141.54,9141.54,100
Sant VicenÃ§ dels Horts,Mediocre,18461.82,29106.02,63.43,,Santa EulÃ lia de RonÃ§ana,Bo,10084.95,10084.95,100
Sant VicenÃ§ dels Horts,Sense Controls,10644.2,29106.02,36.57,,Santa Fe del PenedÃ¨s,Deficient,18738.66,18738.66,100
Santa Coloma de CervellÃ³,Mediocre,11180.07,11180.07,100,,Santa Margarida i els Monjos,Dolent,28860.48,45897.39,62.88
Santa Coloma de Gramenet,Dolent,9141.54,9141.54,100,,Santa Margarida i els Monjos,Mediocre,17036.9,45897.39,37.12
Santa EulÃ lia de RonÃ§ana,Mediocre,10084.95,10084.95,100,,Santa Maria de Palautordera,Bo,14981.98,21694.09,69.06
Santa Fe del PenedÃ¨s,Deficient,18738.66,18738.66,100,,Santa Maria de Palautordera,Mediocre,6712.11,21694.09,30.94
Santa Margarida i els Monjos,Deficient,28860.48,45897.39,62.88,,Santa PerpÃ¨tua de Mogoda,Deficient,7210.62,19562.18,36.86
Santa Margarida i els Monjos,Mediocre,17036.9,45897.39,37.12,,Santa PerpÃ¨tua de Mogoda,Mediocre,12351.56,19562.18,63.14
Santa Maria de Palautordera,Bo,14981.98,21694.09,69.06,,Sentmenat,Bo,5499.04,14095.58,39.01
Santa Maria de Palautordera,Mediocre,6712.11,21694.09,30.94,,Sentmenat,Dades parcials,8596.54,14095.58,60.99
Santa PerpÃ¨tua de Mogoda,Dolent,7210.62,19562.18,36.86,,Sitges,Dolent,7484.52,7484.52,100
Santa PerpÃ¨tua de Mogoda,Mediocre,12351.56,19562.18,63.14,,Subirats,Deficient,119293.79,119293.79,100
Sentmenat,Deficient,8596.54,14095.58,60.99,,Tagamanent,Bo,15106.09,27178.64,55.58
Sentmenat,Molt bo,5499.04,14095.58,39.01,,Tagamanent,Mediocre,12072.55,27178.64,44.42
Sitges,Sense Controls,7484.52,7484.52,100,,Terrassa,Deficient,21550.91,48980.25,44
Subirats,Deficient,119293.79,119293.79,100,,Terrassa,Dolent,27429.34,48980.25,56
Tagamanent,Bo,8545.26,27178.64,31.44,,Tordera,Bo,5131.93,20518.9,25.01
Tagamanent,Mediocre,18633.39,27178.64,68.56,,Tordera,Deficient,5381.46,20518.9,26.23
Terrassa,Deficient,21550.91,48980.25,44,,Tordera,Mediocre,10005.52,20518.9,48.76
Terrassa,Dolent,27429.34,48980.25,56,,Torrelavit,Bo,28708.75,32797.81,87.53
Tordera,Bo,5131.93,20518.9,25.01,,Torrelavit,Mediocre,4089.06,32797.81,12.47
Tordera,Mediocre,15386.97,20518.9,74.99,,Torrelles de Foix,Bo,28845.75,28845.75,100
Torrelavit,Bo,28708.75,32797.81,87.53,,Torrelles de Llobregat,Bo,7281.75,7281.75,100
Torrelavit,Deficient,4089.06,32797.81,12.47,,Ullastrell,Deficient,21550.91,21550.91,100
Torrelles de Foix,Bo,28845.75,28845.75,100,,Vacarisses,Deficient,21550.91,21550.91,100
Torrelles de Llobregat,Mediocre,7281.75,7281.75,100,,Vallgorguina,Mediocre,6712.11,6712.11,100
Ullastrell,Deficient,21550.91,21550.91,100,,Vallirana,Deficient,10644.2,10644.2,100
Vacarisses,Deficient,21550.91,21550.91,100,,Viladecans,Dades parcials,7146.94,7146.94,100
Vallgorguina,Mediocre,6712.11,6712.11,100,,Viladecavalls,Deficient,21550.91,21550.91,100
Vallirana,Sense Controls,10644.2,10644.2,100,,Vilafranca del PenedÃ¨s,Deficient,80510.77,97513.48,82.56
Viladecans,Sense Controls,7146.94,7146.94,100,,Vilafranca del PenedÃ¨s,Dolent,17002.72,97513.48,17.44
Viladecavalls,Deficient,21550.91,21550.91,100,,Vilanova del VallÃ¨s,Deficient,5658.51,14926.81,37.91
Vilafranca del PenedÃ¨s,Deficient,97513.48,97513.48,100,,Vilanova del VallÃ¨s,Mediocre,9268.29,14926.81,62.09
Vilanova del VallÃ¨s,Mediocre,14926.81,14926.81,100,,VilobÃ­ del PenedÃ¨s,Dolent,17002.72,17002.72,100
VilobÃ­ del PenedÃ¨s,Deficient,17002.72,17002.72,100,,,,,,
