nommuni,us_domestic_2020,poblacio_2020,domest_habitant_2020,us_domestic_2019,poblacio_2019,domest_habitant_2019,us_domestic_2018,poblacio_2018,domest_habitant_2018,us_domestic_2017,poblacio_2017,domest_habitant_2017,us_domestic_2016,poblacio_2016,domest_habitant_2016,us_domestic_2015,poblacio_2015,domest_habitant_2015,us_domestic_2014,poblacio_2014,domest_habitant_2014,us_domestic_2013,poblacio_2013,domest_habitant_2013
Abrera,"16178489","12538","1290.36","18534178","12489","1484.04","19689840","12334","1596.39","17127518","12363","1385.39","15601907","12216","1277.17","17293568","12071","1432.65","17941377","12125","1479.7","17660769","12055","1465.02"
Aiguafreda,"7476533","2512","2976.33","7897327","2504","3153.88","6938427","2501","2774.26","7191014","2514","2860.39","6745915","2467","2734.46","6143994","2465","2492.49","6720186","2498","2690.23","7176130","2502","2868.16"
Alella,"27346958","9904","2761.2","30456594","9801","3107.5","32635252","9764","3342.41","28343613","9625","2944.79","28152553","9632","2922.81","29059812","9660","3008.26","29351349","9651","3041.28","30932028","9690","3192.16"
Arenys de Mar,"25985232","15941","1630.09","26997784","15776","1711.32","29840068","15533","1921.08","25057036","15368","1630.47","24648101","15253","1615.95","26638394","15289","1742.32","27703459","15307","1809.86","30556431","15224","2007.12"
Arenys de Munt,"14914180","9121","1635.15","15427933","8931","1727.46","17074665","8838","1931.96","14506694","8728","1662.09","14001883","8638","1620.96","15172448","8736","1736.77","15086102","8654","1743.25","16937750","8588","1972.26"
Argentona,"22507269","12536","1795.41","26773641","12452","2150.15","25584131","12295","2080.86","24378435","12133","2009.27","21725186","12051","1802.77","24936613","11978","2081.87","22545010","11963","1884.56","25931826","11920","2175.49"
Avinyonet del Penedès,,"1697",,,"1701",,,"1669",,,"1653",,,"1665",,,"1652",,,"1675",,,"1705",
Badalona,"225425314","223166","1010.12","249757890","220440","1133","264887501","217741","1216.53","240425287","215848","1113.86","226451682","215634","1050.17","258276799","215654","1197.64","249306158","217210","1147.77","279597249","219708","1272.59"
Badia del Vallès,"12396148","13415","924.05","14783100","13380","1104.87","14411864","13417","1074.15","14198854","13466","1054.42","13637924","13482","1011.57","14582482","13502","1080.02","15426255","13553","1138.22","16857702","13531","1245.86"
Barberà del Vallès,"48779497","33334","1463.36","53824345","33091","1626.56","55988401","32839","1704.94","53048101","32860","1614.37","46196892","32832","1407.07","53204317","32545","1634.79","51576084","32550","1584.52","56883104","32580","1745.95"
Barcelona,"2145950726","1664182","1289.49","2329507765","1636762","1423.24","2544151348","1620343","1570.13","2232814054","1620809","1377.59","2174078811","1608746","1351.41","2362252906","1604555","1472.22","2332439068","1602386","1455.6","2516415504","1611822","1561.22"
Begues,"6684147","7300","915.64","8584322","7098","1209.4","7953736","6961","1142.61","7072799","6830","1035.55","5044614","6736","748.9","4064193","6670","609.32","634152","6620","95.79",,"6590",
Bigues i Riells,"376082","9358","40.19","294766","9092","32.42","14757","9003","1.64",,"8957",,,"8915",,,"8858",,,"8854",,,"8747",
Cabrera de Mar,"10761923","4747","2267.1","12483876","4680","2667.49","12805595","4664","2745.63","11772586","4594","2562.6","10722146","4553","2354.96","11853821","4522","2621.37","10723314","4525","2369.79","12884087","4529","2844.8"
Cabrils,"24247106","7432","3262.53","29157165","7439","3919.5","27309559","7348","3716.6","25608758","7296","3509.97","24073358","7287","3303.6","26900608","7250","3710.43","24252893","7197","3369.86","28522623","7181","3971.96"
Caldes d'Estrac,"6827060","3021","2259.87","7177766","2982","2407.03","7578222","2859","2650.65","6195744","2823","2194.74","6125473","2766","2214.56","6756758","2717","2486.85","6785955","2738","2478.43","7898595","2760","2861.81"
Caldes de Montbui,"17366796","17812","975.01","25931704","17554","1477.25","22586036","17449","1294.4","23680459","17187","1377.81","21271610","17137","1241.27","22993873","17098","1344.83","22315012","17156","1300.71","23737159","17156","1383.61"
Calella,"21903355","19277","1136.24","23731442","19069","1244.5","26476116","18728","1413.72","22759374","18481","1231.5","21618058","18317","1180.22","23807910","18226","1306.26","22932475","18307","1252.66","26377947","18469","1428.23"
Campins,,"541",,,"529",,,"515",,,"498",,,"470",,,"491",,,"521",,,"544",
Canet de Mar,"20467484","14865","1376.89","22025595","14526","1516.29","24731731","14583","1695.93","20397140","14423","1414.21","20180747","14284","1412.82","21845196","14177","1540.89","22203883","14123","1572.18","25095004","14124","1776.76"
Canovelles,"22480659","16829","1335.83","26326530","16629","1583.17","19917552","16317","1220.66","22805235","16145","1412.53","23786371","15937","1492.53","20228855","15906","1271.78","21916236","15954","1373.71","25486508","16009","1592.01"
Cànoves i Samalús,,"3156",,,"3117",,,"2995",,,"2906",,,"2873",,,"2897",,,"2863",,,"2877",
Canyelles,,"4699",,,"4647",,,"4481",,,"4388",,,"4407",,,"4375",,,"4345",,,"4319",
Cardedeu,"33171376","18424","1800.44","35504597","18357","1934.12","36062704","18165","1985.29","30871201","18210","1695.29","29409699","18158","1619.66","32970182","17938","1838.01","31897145","17698","1802.3","34573363","17533","1971.9"
Castellar del Vallès,"48801597","24488","1992.88","52874515","24187","2186.07","59052273","24036","2456.83","49629594","23776","2087.38","47034740","23633","1990.21","51346152","23442","2190.35","48948800","23440","2088.26","53008261","23455","2260"
Castellbisbal,"19455049","12539","1551.56","21117827","12390","1704.43","22766312","12332","1846.12","20520420","12297","1668.73","17067496","12277","1390.2","19790203","12364","1600.63","18073714","12434","1453.57","21490325","12369","1737.43"
Castellcir,,"742",,,"752",,,"728",,,"723",,,"726",,,"694",,,"718",,,"704",
Castelldefels,"73640102","67460","1091.61","100950331","67004","1506.63","101801041","66375","1533.73","95475785","65954","1447.61","93048334","64892","1433.9","91843647","63891","1437.51","96640947","63255","1527.8","103710462","63077","1644.19"
Castellet i la Gornal,"1589866","2382","667.45","1632827","2292","712.4","1628808","2247","724.88","1536571","2233","688.12","1394396","2193","635.84","1334200","2212","603.16","1199204","2237","536.08","1259902","2261","557.23"
Castellterçol,"4368792","2548","1714.6","4545145","2463","1845.37","4538066","2418","1876.78","3320746","2374","1398.8","2931417","2351","1246.88","2815839","2368","1189.12","2852555","2400","1188.56","3084918","2402","1284.31"
Castellví de la Marca,,"1575",,,"1535",,,"1534",,,"1554",,,"1545",,,"1540",,,"1589",,,"1619",
Castellví de Rosanes,"746852","1933","386.37","744577","1884","395.21","813197","1865","436.03","637482","1826","349.11","516572","1807","285.87","28055","1771","15.84",,"1760",,,"1746",
Cerdanyola del Vallès,"104654980","57855","1808.92","114500773","57403","1994.68","124911358","57740","2163.34","107542941","57723","1863.09","101985154","57543","1772.33","114981172","57413","2002.7","114026554","57402","1986.46","122425566","57642","2123.9"
Cervelló,"15969358","9077","1759.32","16698030","9054","1844.27","17969709","8970","2003.31","15311999","8909","1718.71","14537589","8861","1640.63","15070719","8851","1702.71","13567418","8811","1539.83","13427745","8721","1539.7"
Collbató,"8883965","4544","1955.1","11124525","4466","2490.94","4066835","4458","912.26",,"4394",,,"4396",,,"4389",,,"4427",,,"4367",
Corbera de Llobregat,"15606966","14882","1048.71","16393599","14822","1106.03","17762994","14643","1213.07","14941302","14439","1034.79","11435632","14168","807.15","11106193","14240","779.93","8863890","14237","622.6","8802406","14315","614.91"
Cornellà de Llobregat,"76737684","89936","853.25","89366920","88592","1008.75","94654279","87173","1085.82","82968906","86610","957.96","78795074","86072","915.46","85458572","86376","989.38","89633323","86234","1039.42","92581608","86687","1068"
Cubelles,"21259665","15770","1348.11","22216882","15329","1449.34","23657489","14992","1578.01","20409179","14715","1386.96","18624813","14608","1274.97","21189780","14420","1469.47","20292266","14481","1401.3","21373090","14528","1471.17"
Dosrius,"2849873","5652","504.22","3414361","5481","622.94","3149277","5281","596.34","3105194","5198","597.38","2665380","5154","517.15","3047814","5215","584.43","2602018","5137","506.52","3140995","5185","605.78"
el Masnou,"40905204","23831","1716.47","43376814","23515","1844.64","47087349","23340","2017.45","40724872","23288","1748.75","39657228","23119","1715.35","43697057","22923","1906.25","44713791","22742","1966.13","47636893","22595","2108.29"
el Papiol,"8086996","4172","1938.4","8497567","4145","2050.08","9129557","4103","2225.09","7572517","4102","1846.05","7019487","4075","1722.57","8008737","4071","1967.27","8444221","4023","2098.99","8465815","4041","2094.98"
el Pla del Penedès,,"1275",,,"1256",,,"1259",,,"1232",,,"1253",,,"1230",,,"1223",,,"1195",
el Prat de Llobregat,"61423751","65385","939.42","69363788","64599","1073.76","72752462","64132","1134.42","65987895","63897","1032.72","62044639","63457","977.74","67785814","63014","1075.73","67837517","62866","1079.08","72006039","63419","1135.4"
Esparreguera,"32041959","22302","1436.73","37578579","22251","1688.85","38740207","22045","1757.32","34146397","21889","1559.98","30718464","21766","1411.3","35280983","21701","1625.78","35048381","21685","1616.25","37153497","21926","1694.49"
Esplugues de Llobregat,"63224841","47150","1340.93","58815164","46680","1259.96","65332023","46355","1409.38","64650405","45890","1408.81","66134767","45733","1446.11","63168547","45626","1384.49","55252530","46133","1197.68","66557128","46667","1426.21"
Figaró-Montmany,"3086193","1142","2702.45","3316255","1114","2976.89","2717314","1109","2450.24","3411702","1077","3167.78","2777519","1092","2543.52","2550406","1094","2331.27","2877355","1096","2625.32","3004868","1110","2707.09"
Fogars de Montclús,,"475",,,"470",,,"466",,,"458",,,"462",,,"477",,,"482",,,"473",
Font-rubí,,"1414",,,"1327",,,"1354",,,"1358",,,"1363",,,"1348",,,"1353",,,"1415",
Gallifa,,"167",,,"172",,,"169",,,"180",,,"187",,,"197",,,"202",,,"200",
Gavà,"49481418","47057","1051.52","60923791","46771","1302.6","63890165","46705","1367.95","58988266","46538","1267.53","54263802","46266","1172.87","59073180","46405","1272.99","62033478","46326","1339.06","65091582","46377","1403.53"
Gelida,"7046022","7670","918.65","7452337","7533","989.29","7623932","7371","1034.31","6721513","7299","920.88","6112367","7238","844.48","6340843","7253","874.24","5750671","7194","799.37","5675378","7123","796.77"
Granera,,,,,,,,,,,,,,,,,,,,,,,,
Granollers,"97486518","62419","1561.81","108392662","61275","1768.95","116887601","60981","1916.79","100601070","60695","1657.49","96791356","60174","1608.52","106670257","60101","1774.85","106553094","59930","1777.96","114704075","59753","1919.64"
Gualba,,"1548",,,"1500",,,"1481",,,"1423",,,"1426",,,"1414",,,"1429",,,"1394",
l'Ametlla del Vallès,"11773068","8646","1361.68","12862853","8462","1520.07","11103455","8496","1306.9","12649301","8368","1511.63","10524041","8337","1262.33","11859600","8303","1428.35","8978579","8283","1083.98","10796221","8227","1312.29"
l'Hospitalet de Llobregat,"202752453","269382","752.66","214232328","264923","808.66","229323069","261068","878.4","203395621","257349","790.35","198278906","254804","778.16","212202439","252171","841.5","223613430","253518","882.04","229628860","254056","903.85"
la Garriga,"38311489","16668","2298.51","36825149","16514","2229.94","33521647","16227","2065.79","35496346","15984","2220.74","35145683","15912","2208.75","31467528","15740","1999.21","32462598","15762","2059.55","35641755","15586","2286.78"
la Granada,"2630651","2208","1191.42","2749698","2157","1274.78","2879533","2130","1351.89","2550794","2112","1207.76","2250835","2091","1076.44","2550153","2085","1223.09","2406648","2073","1160.95","2577784","2055","1254.4"
la Llagosta,"15462293","13587","1138.02","17426077","13480","1292.74","18136872","13367","1356.84","16470712","13343","1234.41","15604419","13247","1177.96","17168528","13252","1295.54","17151211","13430","1277.08","18879797","13447","1404.02"
la Palma de Cervelló,"4369531","2992","1460.4","4390414","2954","1486.26","4887192","2982","1638.9","4013447","2998","1338.71","3735316","3000","1245.11","4101082","2966","1382.7","4089143","3002","1362.14","4277140","2991","1430"
la Roca del Vallès,"19671546","10754","1829.23","22117841","10650","2076.79","23120626","10666","2167.69","19862597","10536","1885.21","19282908","10599","1819.31","20361561","10504","1938.46","20278847","10518","1928.01","21475903","10396","2065.79"
les Cabanyes,,"979",,,"964",,,"965",,,"947",,,"943",,,"967",,,"961",,,"969",
les Franqueses del Vallès,"29799889","20364","1463.36","31836905","20092","1584.56","35222658","19768","1781.8","30142921","19584","1539.16","28545075","19417","1470.11","32503792","19446","1671.49","31925748","19170","1665.4","34437650","19074","1805.48"
Lliçà d'Amunt,"14493431","15469","936.93","16295945","15256","1068.17","15221871","15111","1007.34","13132630","14933","879.44","11744285","14759","795.74","11273557","14742","764.72","9893612","14696","673.22","10627816","14659","725"
Lliçà de Vall,"8255363","6497","1270.64","9331130","6542","1426.34","9325697","6480","1439.15","8530846","6386","1335.87","7816960","6370","1227.15","8262920","6383","1294.52","7067918","6354","1112.36","7440996","6426","1157.95"
Llinars del Vallès,"16327170","10018","1629.78","17751287","9938","1786.2","18630554","9838","1893.73","15508836","9749","1590.81","14604627","9717","1503","16043837","9570","1676.47","15312075","9536","1605.71","16794276","9554","1757.83"
Malgrat de Mar,"30384071","18772","1618.58","33422763","18579","1798.95","34981885","18439","1897.17","32447555","18345","1768.74","31297963","18295","1710.74","33678415","18371","1833.24","31516714","18417","1711.28","36013780","18429","1954.19"
Martorell,"40685239","28772","1414.06","44436170","28189","1576.37","49393716","27850","1773.56","42428655","27681","1532.77","39158953","27645","1416.49","43864119","27694","1583.89","44944749","27895","1611.21","46213035","28108","1644.12"
Martorelles,"7352920","4820","1525.5","8606608","4801","1792.67","9091451","4794","1896.42","7977647","4742","1682.34","7546204","4725","1597.08","8108001","4756","1704.79","7820653","4783","1635.09","8975376","4882","1838.46"
Matadepera,"33697764","9496","3548.63","35970322","9326","3856.99","40687983","9291","4379.29","27502010","9186","2993.9","41605229","8984","4631.04","36683638","8900","4121.76","31180182","8841","3526.77","29142336","8784","3317.66"
Mataró,"131431884","129661","1013.66","134509855","128265","1048.69","147225174","126988","1159.36","134160771","126127","1063.7","132865713","125517","1058.55","139376217","124867","1116.2","146076932","124280","1175.39","158913989","124099","1280.54"
Mediona,"3381185","2369","1427.26","3708619","2322","1597.17","3772022","2331","1618.2","3295969","2251","1464.22","3083526","2282","1351.24","3127526","2273","1375.95","3177767","2311","1375.06","3372545","2353","1433.3"
Molins de Rei,"36076970","25940","1390.79","39595041","25868","1530.66","42538214","25687","1656.02","35717638","25492","1401.13","33029244","25359","1302.47","36712851","25155","1459.47","36857487","25152","1465.39","39504971","24878","1587.95"
Mollet del Vallès,"70684509","51600","1369.85","79730427","51318","1553.65","86077915","51133","1683.41","78353115","51128","1532.49","71193628","51491","1382.64","81444512","51650","1576.85","78847036","51719","1524.53","88160104","51954","1696.89"
Montcada i Reixac,"51640191","36803","1403.15","59351078","36239","1637.77","60899686","35599","1710.71","54511808","35063","1554.68","51655415","34802","1484.27","57211818","34377","1664.25","57325341","34394","1666.73","60761718","34863","1742.87"
Montgat,"16485702","12200","1351.29","17409639","12041","1445.86","19270381","11819","1630.46","16047500","11748","1365.98","15674612","11621","1348.82","17435367","11501","1515.99","17716576","11315","1565.76","18833235","11055","1703.59"
Montmeló,"14472006","8831","1638.77","16689806","8755","1906.32","18356428","8784","2089.76","15489421","8748","1770.62","14728810","8784","1676.78","16165018","8835","1829.66","16780732","8863","1893.35","17612634","8860","1987.88"
Montornès del Vallès,"24767992","16644","1488.1","29161247","16393","1778.88","29496140","16263","1813.7","26056757","16240","1604.48","24769680","16218","1527.3","26772522","16172","1655.49","27269758","16217","1681.55","29227713","16150","1809.77"
Montseny,,,,,,,,,,,,,,,,,,,,,,,,
Olèrdola,"3637466","3768","965.36","3891741","3692","1054.1","4228168","3611","1170.91","3801216","3565","1066.26","3319701","3529","940.69","3691555","3518","1049.33","3600900","3579","1006.12","3916977","3626","1080.25"
Olesa de Bonesvalls,,"1840",,,"1810",,,"1787",,,"1734",,,"1723",,,"1715",,,"1735",,,"1720",
Olesa de Montserrat,"36025790","24144","1492.12","41847415","23904","1750.64","43930506","23779","1847.45","40622020","23552","1724.78","35884433","23645","1517.63","40010748","23536","1699.98","41059928","23543","1744.04","42041981","23742","1770.79"
Olivella,,"3935",,,"3799",,,"3729",,,"3655",,,"3569",,,"3569",,,"3609",,,"3617",
Òrrius,,"758",,,"739",,,"730",,,"694",,,"702",,,"688",,,"690",,,"662",
Pacs del Penedès,,"918",,,"922",,,"908",,,"902",,,"894",,,"893",,,"892",,,"892",
Palafolls,"11641846","9613","1211.05","11293419","9405","1200.79","14817928","9256","1600.9","10188685","9171","1110.97","12375272","9133","1355.01","12483868","9132","1367.05","12595129","9065","1389.42","11026880","9081","1214.28"
Palau-solità i Plegamans,"25201643","14892","1692.29","28054266","14771","1899.28","28905130","14636","1974.93","26363598","14626","1802.52","24022531","14494","1657.41","26596956","14457","1839.73","25990824","14454","1798.18","27629941","14454","1911.58"
Pallejà,"19015770","11622","1636.19","20355121","11508","1768.78","22707715","11486","1976.99","19168973","11416","1679.13","18142357","11348","1598.73","20323108","11298","1798.82","20535907","11253","1824.93","21955665","11208","1958.93"
Parets del Vallès,"33981219","19071","1781.83","37330783","19082","1956.33","39214192","19041","2059.46","36834381","18970","1941.72","31805711","18837","1688.47","37597246","18901","1989.17","35639520","18733","1902.5","39476813","18580","2124.69"
Pineda de Mar,"31674363","27984","1131.87","34194560","27272","1253.83","37055640","26659","1389.99","33193606","26349","1259.77","30637967","26240","1167.61","34648565","25968","1334.28","32925117","25948","1268.89","39201500","26157","1498.7"
Polinyà,"13447413","8504","1581.3","15431240","8479","1819.94","16546449","8389","1972.4","14502326","8383","1729.97","13814036","8300","1664.34","14973144","8226","1820.22","14223087","8238","1726.52","15932480","8158","1952.99"
Pontons,,"528",,,"532",,,"458",,,"456",,,"453",,,"483",,,"477",,,"504",
Premià de Dalt,"23520293","10441","2252.69","25655653","10448","2455.56","28467543","10429","2729.65","24579706","10345","2376","23742358","10446","2272.87","25044045","10392","2409.94","24187693","10311","2345.81","27962177","10319","2709.78"
Premià de Mar,"40314727","28531","1413.01","44412079","28119","1579.43","47697827","28071","1699.19","41235608","28049","1470.13","40578318","27866","1456.19","43894711","27944","1570.81","44564444","28163","1582.38","48975131","28136","1740.66"
Puigdàlber,,,,,,,,,,,,,,,,,,,,,,,,
Rellinars,,,,,,,,,,,,,,,,,,,,,,,,
Ripollet,"47393343","39179","1209.66","53599480","38665","1386.25","62304305","38347","1624.75","43531577","37899","1148.62","56956260","37648","1512.86","55653255","37445","1486.27","50543976","37233","1357.5","59443196","37234","1596.48"
Rubí,"94754238","78591","1205.66","110980537","77464","1432.67","113975281","76423","1491.37","111281600","75568","1472.6","99183622","75167","1319.51","107483295","74536","1442.03","103294491","74353","1389.24","112617521","74468","1512.29"
Sabadell,"341613502","216520","1577.75","389686436","213644","1824","423025080","211734","1997.91","359995212","209931","1714.83","357164337","208246","1715.11","388717944","207814","1870.51","383673733","207444","1849.53","429878232","207649","2070.22"
Sant Adrià de Besós,"31734949","37447","847.46","35213565","37097","949.23","35447161","36669","966.68","34952172","36624","954.35","33514558","36496","918.31","34384027","35814","960.07","36044261","35386","1018.6","38178150","34822","1096.38"
Sant Andreu de la Barca,"38045870","27569","1380.02","41416086","27558","1502.87","44837495","27332","1640.48","39602522","27303","1450.48","36638827","27434","1335.53","64560598","27340","2361.4","41772976","27268","1531.94","44367945","27329","1623.47"
Sant Andreu de Llavaneres,"30390507","11133","2729.77","30064621","10968","2741.12","32727071","10877","3008.83","28482656","10758","2647.58","28461454","10663","2669.18","5755620","10493","548.52","29322631","10590","2768.9","31653357","10558","2998.04"
Sant Antoni de Vilamajor,"11203828","6208","1804.74","11384863","6135","1855.72","10010841","6095","1642.47","7760605","6005","1292.36","7286156","5862","1242.95","7354906","5789","1270.5","5406974","5708","947.26","5418514","5717","947.79"
Sant Boi de Llobregat,"86018409","84500","1017.97","98498234","83605","1178.14","105079900","82904","1267.49","91800057","82142","1117.58","87561047","82402","1062.61","96667612","82195","1176.08","98914805","83107","1190.21","101931476","83408","1222.08"
Sant Cebrià de Vallalta,"3758917","3438","1093.34","4114321","3385","1215.46","4496591","3344","1344.67","3520042","3310","1063.46","3288031","3329","987.69","3391699","3326","1019.75","3304562","3328","992.96","3634905","3368","1079.25"
Sant Celoni,"32201232","18136","1775.54","35200991","17904","1966.1","35331097","17754","1990.04","30423723","17588","1729.8","28434203","17540","1621.11","32405376","17317","1871.3","32758392","17251","1898.93","35255488","17286","2039.54"
Sant Climent de Llobregat,"2002304","4160","481.32","2226231","4129","539.17","1935954","4107","471.38","1427068","4038","353.41","402241","4024","99.96",,"4013",,,"3938",,,"3920",
Sant Cugat del Vallès,"228766024","92977","2460.46","244849895","91006","2690.48","260517487","90664","2873.44","233087284","89516","2603.86","218129614","88921","2453.07","236153136","87830","2688.75","224327860","87118","2574.99","237948068","86108","2763.37"
Sant Cugat Sesgarrigues,"1578654","1009","1564.57","1726580","1007","1714.58","1736631","989","1755.95","1630306","980","1663.58","1510330","973","1552.24","1699655","978","1737.89","1636871","972","1684.02","1649448","974","1693.48"
Sant Esteve de Palautordera,"5522691","2864","1928.31","5950462","2820","2110.09","5895283","2749","2144.52","4922281","2648","1858.87","4600178","2599","1769.98","4882042","2568","1901.11","4851056","2532","1915.9","4504558","2544","1770.66"
Sant Esteve Sesrovires,"14576760","7696","1894.07","15305371","7612","2010.69","16282432","7800","2087.49","14942260","7670","1948.14","13083384","7644","1711.59","14657800","7613","1925.36","14087858","7542","1867.92","14660604","7546","1942.83"
Sant Feliu de Codines,"5445970","6363","855.88","5619291","6259","897.79","5743411","6184","928.75","4587524","6045","758.9","4303832","5968","721.15","4345882","5908","735.59","4406130","5900","746.8","4509999","6025","748.55"
Sant Feliu de Llobregat,"54681523","45467","1202.66","58123905","44860","1295.67","62859227","44474","1413.39","54397634","44198","1230.77","51412678","44086","1166.19","58516968","43800","1336","57914842","43715","1324.83","60978501","43769","1393.19"
Sant Fost de Campsentelles,"12007988","8853","1356.38","13858241","8737","1586.16","14187066","8722","1626.58","12353170","8664","1425.8","11418886","8650","1320.1","12215157","8603","1419.87","11641589","8666","1343.36","12825277","8539","1501.96"
Sant Iscle de Vallalta,,"1342",,,"1332",,,"1313",,,"1295",,,"1292",,,"1308",,,"1304",,,"1323",
Sant Joan Despí,"43446689","34267","1267.89","42867738","34123","1256.27","42325783","34084","1241.81","43595526","33873","1287.03","48232518","33502","1439.69","46327900","33264","1392.73","43453143","32981","1317.52","40797350","32812","1243.37"
Sant Just Desvern,"41627573","18670","2229.65","43370650","17805","2435.87","45815244","17494","2618.91","31411597","17201","1826.15","46268252","16927","2733.4","43077636","16631","2590.2","41742583","16389","2546.99","35037769","16859","2078.28"
Sant Llorenç d'Hortons,"657924","2428","270.97","630194","2413","261.17","554193","2598","213.32","149526","2547","58.71","103019","2562","40.21","82158","2557","32.13","9838","2517","3.91",,"2535",
Sant Llorenç Savall,,"2417",,,"2373",,,"2371",,,"2361",,,"2375",,,"2380",,,"2361",,,"2401",
Sant Martí­ Sarroca,,"3261",,,"3264",,,"3231",,,"3197",,,"3099",,,"3092",,,"3130",,,"3168",
Sant Pere de Ribes,"44010339","31111","1414.62","50709288","30719","1650.75","57264561","30658","1867.85","45595885","30142","1512.7","51383402","29842","1721.85","50383198","29666","1698.35","51097415","29339","1741.62","54546572","28730","1898.59"
Sant Pere de Riudebitlles,"6358232","2380","2671.53","4416162","2368","1864.93","4710902","2338","2014.93","4220327","2343","1801.25","3890539","2369","1642.27","4265346","2374","1796.69","4323739","2364","1828.99","4496494","2346","1916.66"
Sant Pere de Vilamajor,"2770899","4544","609.79","2925972","4472","654.29","2727147","4371","623.92","2281876","4313","529.07","2067385","4257","485.64","1953123","4281","456.23","1454579","4248","342.42","1510692","4293","351.9"
Sant Pol de Mar,"9622291","5428","1772.71","10487169","5299","1979.08","11047159","5178","2133.48","9314667","5062","1840.12","8861765","4951","1789.89","9634100","5012","1922.21","9575881","4997","1916.33","10425554","5066","2057.95"
Sant Quintí de Mediona,"1580021","2317","681.93","1494586","2254","663.08","1458143","2179","669.18","1175375","2170","541.65","981781","2121","462.89","584908","2116","276.42","6332","2101","3.01",,"2165",
Sant Quirze del Vallès,"48103697","20195","2381.96","54328023","20141","2697.38","54252916","19939","2720.94","51690644","19867","2601.83","46444378","19664","2361.9","51420175","19602","2623.21","50021504","19549","2558.78","54680821","19408","2817.44"
Sant Quirze Safaja,,"631",,,"627",,,"637",,,"627",,,"637",,,"622",,,"644",,,"659",
Sant Sadurní d'Anoia,"19279092","12841","1501.37","21181714","12887","1643.65","22708545","12866","1765","19898108","12749","1560.76","18252391","12654","1442.42","20825372","12689","1641.21","20517888","12590","1629.7","21813321","12603","1730.8"
Sant Vicenç de Montalt,"20598247","6452","3192.54","21070236","6407","3288.63","23064576","6372","3619.68","19289894","6272","3075.56","18665319","6182","3019.3","19885434","6049","3287.39","19527925","6007","3250.86","20418341","5951","3431.08"
Sant Vicenç dels Horts,"31968807","28268","1130.92","34488379","28117","1226.6","37629543","27901","1348.68","32664580","27982","1167.34","30644967","27961","1095.99","34203064","27983","1222.28","34418663","28103","1224.73","36346036","28181","1289.74"
Santa Coloma de Cervelló,"12911662","8268","1561.64","13882902","8218","1689.33","14192126","8179","1735.19","12373974","8082","1531.05","11655468","8073","1443.76","13143640","8022","1638.45","12588367","8038","1566.11","13120992","8060","1627.91"
Santa Coloma de Gramenet,"105354963","120443","874.73","107872713","119215","904.86","116285459","118821","978.66","104589436","117597","889.39","107545999","117153","918","110940942","116950","948.62","119421285","118738","1005.75","124455439","120029","1036.88"
Santa Eulàlia de Ronçana,"1251689","7426","168.55","1263508","7288","173.37","935848","7192","130.12","839559","7124","117.85","166573","7049","23.63",,"7080",,,"7114",,,"7042",
Santa Fe del Penedès,,"367",,,"374",,,"379",,,"380",,,"374",,,"378",,,"379",,,"378",
Santa Margarida i els Monjos,"10652130","7676","1387.72","11212472","7611","1473.19","12367875","7503","1648.39","11180853","7480","1494.77","9912516","7360","1346.81","11367822","7332","1550.44","11064029","7337","1507.98","11709099","7288","1606.63"
Santa Maria de Martorelles,"664756","890","746.92","746662","893","836.13","721330","882","817.83","529138","858","616.71","435695","861","506.03","2566","853","3.01",,"851",,,"847",
Santa Maria de Palautordera,"15393909","9630","1598.54","16127855","9423","1711.54","15841282","9325","1698.8","13090037","9286","1409.65","12147218","9194","1321.21","12931664","9103","1420.59","12113911","9138","1325.66","12484266","9195","1357.72"
Santa Perpètua de Mogoda,"38592105","25999","1484.37","44328429","25799","1718.22","46818223","25705","1821.37","41699258","25574","1630.53","38946230","25556","1523.96","43614793","25466","1712.67","42395297","25409","1668.51","46759130","25473","1835.63"
Santa Susanna,"4482477","3548","1263.38","5082312","3446","1474.84","4745399","3381","1403.55","4458163","3352","1330","4038472","3323","1215.31","4403417","3275","1344.55","4352135","3293","1321.63","4860688","3325","1461.86"
Sentmenat,"13610868","9235","1473.84","15469410","9078","1704.05","15760796","8957","1759.61","14144633","8818","1604.06","12799623","8700","1471.22","13669488","8652","1579.92","12553206","8645","1452.08","14239558","8655","1645.24"
Sitges,"55202941","29553","1867.93","67578332","29307","2305.88","70287079","28969","2426.29","67000093","28527","2348.66","64987192","28478","2282.01","59484880","28269","2104.24","64516549","28171","2290.18","75172604","29140","2579.71"
Subirats,,"3104",,,"3044",,,"3025",,,"3013",,,"2997",,,"2988",,,"3029",,,"3027",
Tagamanent,,,,,,,,,,,,,,,,,,,,,,,,
Teià,"16225275","6427","2524.55","17821288","6397","2785.88","19298979","6312","3057.51","16196631","6333","2557.5","15999026","6254","2558.21","16938682","6238","2715.4","17282799","6141","2814.33","18532462","6144","3016.35"
Terrassa,"343559463","223627","1536.31","382703007","220556","1735.17","416763476","218535","1907.08","368057960","216428","1700.6","351922616","215121","1635.93","380963447","215214","1770.16","374164503","215517","1736.13","417433505","215055","1941.05"
Tiana,"20611246","8945","2304.22","21718683","8840","2456.86","24288460","8709","2788.89","19922494","8645","2304.51","19646413","8553","2297.02","21318894","8411","2534.64","21451862","8314","2580.21","23312578","8221","2835.74"
Tordera,"21976287","17519","1254.43","22330559","17216","1297.08","20992622","16937","1239.45","23555138","16637","1415.83","21004141","16453","1276.61","21632751","16433","1316.42","21382135","16345","1308.18","19149034","16363","1170.26"
Torrelavit,"2290714","1422","1610.91","2365868","1419","1667.28","2526991","1430","1767.13","2260442","1400","1614.6","2035933","1413","1440.86","2301875","1401","1643.02","2161869","1393","1551.95","2251131","1400","1607.95"
Torrelles de Foix,,"2398",,,"2348",,,"2281",,,"2243",,,"2201",,,"2246",,,"2308",,,"2360",
Torrelles de Llobregat,"5624835","6073","926.2","5891682","6041","975.28","5986618","5945","1007","4456559","5950","749","3477565","5933","586.14","3203331","5883","544.51","2396066","5851","409.51","1476859","5776","255.69"
Ullastrell,"1800565","2089","861.93","2688953","2093","1284.74","2412302","2069","1165.93","1628541","2054","792.86","1442427","2039","707.42","390089","2043","190.94",,"2056",,,"2030",
Vacarisses,,"6832",,,"6688",,,"6486",,,"6328",,,"6192",,,"6143",,,"6218",,,"6260",
Vallgorguina,"921169","2988","308.29","968306","2891","334.94","948731","2854","332.42","764112","2789","273.97","718628","2772","259.25","792699","2749","288.36","108762","2699","40.3",,"2746",
Vallirana,"15548060","15312","1015.42","17117808","15006","1140.73","18301981","14877","1230.22","15594937","14784","1054.85","15102244","14676","1029.04","15790111","14633","1079.08","15430229","14612","1056","15793489","14625","1079.9"
Vallromanes,"5367970","2558","2098.5","6364891","2579","2467.97","6572203","2530","2597.71","5192992","2514","2065.63","5860","2525","2.32",,"2543",,,"2519",,,"2542",
Viladecans,"69916664","67197","1040.47","76299480","66611","1145.45","82474103","66168","1246.43","74996888","65993","1136.44","68481082","65779","1041.08","76074583","65549","1160.58","75857649","65358","1160.65","82751951","65444","1264.47"
Viladecavalls,"12979552","7545","1720.29","13798065","7512","1836.8","16201859","7480","2166.02","10340349","7392","1398.86","15247087","7354","2073.31","13917683","7365","1889.71","13813686","7395","1867.98","12047608","7397","1628.72"
Vilafranca del Penedès,"65429298","40154","1629.46","68728275","39746","1729.19","76393817","40055","1907.22","67493034","39532","1707.3","60448569","39365","1535.59","69282506","39224","1766.33","68381167","39221","1743.48","73229175","38929","1881.1"
Vilalba Sasserra,"197360","753","262.1","170922","716","238.72","125492","688","182.4","139089","690","201.58","148034","684","216.42","147389","709","207.88","133107","706","188.54","110554","689","160.46"
Vilanova del Vallès,"6112378","5503","1110.74","7313222","5432","1346.32","7303193","5339","1367.9","6394188","5285","1209.87","5939414","5217","1138.47","5998573","5241","1144.55","5844754","5250","1113.29","5852019","5152","1135.87"
Vilanova i la Geltrú,"83566041","67733","1233.76","90470694","67086","1348.58","93497861","66274","1410.78","89060020","66077","1347.82","77861534","65972","1180.22","90260215","65684","1374.16","85598666","65941","1298.11","94892542","66275","1431.8"
Vilassar de Dalt,"19207392","9072","2117.22","21479952","9043","2375.31","23738319","9013","2633.79","20348640","8961","2270.8","19512162","8953","2179.4","21684129","8964","2419.02","20869399","8882","2349.63","24340614","8879","2741.37"
Vilassar de Mar,"38263202","21035","1819.03","42046316","20837","2017.87","45415700","20764","2187.23","40782660","20636","1976.29","38109985","20678","1843.02","43202302","20447","2112.89","39097950","20185","1936.98","46740686","20030","2333.53"
Vilobí del Penedès,,,,,,,,,,,,,,,,,,,,,,,,
RMB,"1.12E+12","5223201","214494.74","1.23E+12","5152027","238708.67","1.32E+12","5103811","257880.73","1.16E+12","5074713","229120.7","1.12E+12","5043690","222290.79","1.21E+12","5025168","240922","1.20E+12","5023627","237922.65","1.29E+12","5038180","256368.53"
AMB,"2.46E+11","3339279","73647.73","2.70E+11","3291654","82014.53","2.89E+11","3260268","88617.36","2.55E+11","3247281","78598.56","2.46E+11","3226600","76275.2","2.66E+11","3213775","82693.28","2.62E+11","3214211","81627.68","2.84E+11","3228569","87818.7"
B30,"1.57E+11","1069881","146859.45","1.72E+11","1056215","163296.92","1.85E+11","1048896","175980.69","1.63E+11","1041299","156597.33","1.57E+11","1035924","151783.98","1.70E+11","1033025","164361.54","1.68E+11","1031842","162451.58","1.81E+11","1030578","175768.69"
