codimuni,nommuni,ghg_2005,ghg_2005_t,ghg_2006,ghg_2006_t,ghg_2007,ghg_2007_t,ghg_2008,ghg_2008_t,ghg_2009,ghg_2009_t,ghg_2010,ghg_2010_t,ghg_2011,ghg_2011_t,ghg_2012,ghg_2012_t,ghg_2013,ghg_2013_t,ghg_2014,ghg_2014_t,ghg_2015,ghg_2015_t,ghg_2016,ghg_2016_t,ghg_2017,ghg_2017_t
"8001",Abrera,"4.17","980.5747352","3.74","936.1528581","3.81","960.386805","2.64","657.5018195","2.28","586.4416531","2.28","576.0801068","2.15","527.7321569","2.32","581.2148483","2.13","514.4729451","2.07","520.8075512","2.14","525.4080436","2.24","565.8750483","2.26","593.6147749"
"8003",Alella,"5.72","1648.498297","5.1","1564.172225","5.32","1612.688858","5.03","1568.055161","4.28","1330.583627","4.34","1314.225324","4.18","1261.872219","4.48","1362.7486","3.66","1112.554791","3.78","1134.337654","4.21","1221.393098","4.26","1253.007296","4.68","1295.411057"
"8005",l'Ametlla del Vallès,"5.1","70654.76388","4.73","66330.90805","4.82","68229.77284","4.51","65212.84327","4.1","60006.52589","3.85","56516.30957","3.7","54946.21724","3.44","51673.23584","3.18","48350.70918","3.12","47756.06177","3.14","48047.92231","3.33","50853.79598","3.56","54646.64386"
"8006",Arenys de Mar,"5.25","38708.65488","4.76","36781.82096","4.82","37592.01741","4.46","35778.6793","4.01","32829.68872","3.82","31814.3014","3.58","30446.53736","3.41","29107.52024","3.4","29199.93175","3.18","27482.8349","3.29","28732.68189","3.48","30053.7648","3.62","31605.249"
"8007",Arenys de Munt,"6.73","1412.935654","6.24","1304.336857","5.63","1289.419963","5.2","1196.347713","4.55","1092.363478","4.24","1039.44239","4.67","1112.54334","4.18","1023.304167","4.25","914.5874974","3.98","844.6695365","4.27","952.4292865","4.16","943.6318797","4.55","1001.112783"
"8009",Argentona,"6.8","33675.50064","6.38","32367.70887","6.59","34131.69287","6.08","32228.92347","4.03","21903.12496","3.88","21415.83448","3.9","21750.06402","4.06","22577.62899","4.42","24769.74868","3.65","20651.93348","4.07","23037.73799","4.39","24551.3218","4.6","25686.86854"
"8013",Avinyonet del Penedès,"6.53","15065.18041","5.41","12834.42887","5.28","12529.16241","4.89","11866.25419","4.57","11263.21778","4.04","10129.23566","4.14","10278.51678","4.36","10804.59974","3.77","9430.501692","3.49","8727.529494","3.63","8937.38987","3.89","9598.111226","3.99","10040.02469"
"8014",Aiguafreda,"3.62","790501.6963","3.43","760249.529","3.38","730154.829","3.17","682278.2712","2.87","630776.336","2.7","590582.541","2.63","577332.6008","2.55","564290.3163","2.39","524052.7568","2.43","527092.5081","2.54","548638.8424","2.6","559854.4065","2.77","598422.2045"
"8015",Badalona,"4.77","10301.88639","3.83","8347.025238","4.4","9894.352355","3.81","8851.888586","3","7090.727607","3.07","7259.617711","2.86","6784.277796","3.29","7877.203985","3.23","7429.68475","3.17","7060.524648","3.37","7383.869931","3.6","7793.006606","3.7","7957.264854"
"8019",Barcelona,"5.38","29420.78568","4.36","24842.65988","4.42","26079.94663","4.05","24625.10819","3.75","23504.29945","3.53","22418.30923","3.42","21997.83453","3.57","23252.55479","3.17","20904.24189","3.19","21089.51015","3.28","21872.99116","3.51","23611.47443","3.74","25528.98368"
"8020",Begues,"5.21","464.0490416","4.7","465.6491962","5","465.1613682","4.71","428.775915","4.54","417.6330479","4.03","390.79864","4.26","387.9980499","4.2","382.4864094","3.97","352.9492376","4.45","347.1556453","4.45","329.1088321","4.86","364.3773902","4.93","364.7230167"
"8023",Bigues i Riells,"6.21","3217.5107","5.91","3130.421503","5.71","3261.523122","5.26","3203.34331","4.57","2808.221095","4.43","2676.25544","4.47","2657.582932","4.77","2832.998933","4.29","2491.024628","4.11","2217.799285","4.75","2389.653689","5.09","2521.819292","5.52","2647.242653"
"8027",les Cabanyes,"5.68","5362.397874","4.96","5255.315012","4.83","5756.699018","4.48","5707.286406","3.96","5221.422883","3.85","5172.960107","3.76","5094.304017","4","5508.2335","3.87","5175.361512","3.84","5239.895121","3.67","4951.974289","3.92","5289.664526","4.01","5470.826943"
"8029",Cabrera de Mar,"5.25","32735.22859","5.05","32998.69908","4.85","32474.09886","4.67","31922.88039","4.39","30596.86961","4.23","30053.29891","4.02","28909.86083","4.02","28680.44629","3.69","26512.94639","3.69","26555.07759","3.78","27439.05428","3.93","28603.02354","4.21","30690.81567"
"8030",Cabrils,"9.95","32547.53641","8.85","29676.19174","9.12","31330.67427","8.08","28771.754","5.84","21214.30057","5.17","18669.84321","4.02","14158.11655","4.23","14978.71604","4.73","16566.27781","4.19","14550.19009","4.59","15709.80327","4.92","16831.47215","4.94","17171.69276"
"8137",Montseny,"7.29","37485.15246","6.66","35936.0875","6.82","37409.60579","5.96","33762.02405","3.98","22714.64112","3.8","21727.7589","3.78","21684.43935","4.16","24092.41195","4.67","26922.50235","3.55","20424.59392","3.82","22418.27908","4.08","24310.75379","4.27","25875.24092"
"8145",Olèrdola,"8.13","11238.87506","7.54","11349.97407","7.65","11899.83821","6.63","11023.91444","4.27","7423.731384","4.12","7005.372838","3.96","6977.124104","4.25","7459.016997","4.93","8476.592628","3.63","6305.83704","3.87","6637.793103","4.06","6998.233999","4.29","7445.115375"
"8146",Olesa de Bonesvalls,"9.47","199911.3925","7.85","170523.1187","7.6","169058.7805","7.01","160702.2058","5.83","135808.2921","5.66","133725.4659","5.41","129526.9301","5.23","125502.477","5.39","128012.8168","5.22","122792.5004","5.37","126432.1416","5.51","130222.8175","5.69","134039.6887"
"8039",Campins,"3.94","48968.13628","3.77","48066.58438","3.72","48967.5473","3.5","46871.77546","3.33","45107.77813","3.07","42730.20424","2.99","42051.50661","2.84","40287.3903","2.63","37105.31643","2.66","37619.38478","2.74","38781.22765","2.89","41224.67699","3.03","43671.21495"
"8040",Canet de Mar,"5.96","87483.81315","5.8","87117.13008","5.59","87729.52781","5.19","82068.07979","4.03","64497.36225","3.82","61413.14736","3.74","59338.20578","3.63","58414.83058","3.8","60797.55684","3","47801.96016","3.06","48642.321","3.33","53053.48213","3.42","55176.79721"
"8041",Canovelles,"4.72","11198.84289","4.56","11346.16482","4.56","12038.64741","4.29","11558.25925","3.76","10304.39814","3.81","10689.78006","3.75","10565.25001","4.12","11806.47731","3.5","10065.07865","3.51","10049.79637","3.61","10471.40198","3.94","11324.37418","4.08","11864.82073"
"8032",Caldes d'Estrac,"5.96","92643.64563","5.66","90277.58057","5.64","91117.27451","5.16","85303.47942","4.6","77739.28757","4.56","77647.82335","4.6","79009.6859","4.57","78905.32129","4.06","69664.17184","4","68614.09489","3.71","63464.13378","3.92","67191.12117","4.12","70859.66213"
"8033",Caldes de Montbui,"5.45","4413.294615","4.89","4075.916249","4.92","4273.831066","4.58","4190.449502","4.18","3756.058117","4.01","3741.062981","3.76","3594.268289","3.96","3779.129097","3.96","3773.859738","3.8","3605.9675","3.96","3836.02185","4.18","3981.9672","4.43","4257.842575"
"8035",Calella,"6.55","1349.196277","6.5","1331.586751","6.02","1234.458502","5.9","1185.280454","4.99","978.0590458","4.74","918.9223729","4.59","908.2716714","4.93","991.1741862","4.32","877.2566847","4.26","860.7654874","4.49","885.0057643","4.91","936.9787214","4.88","965.7320063"
"8055",Castellcir,"4.24","240575.0739","4.17","244875.8637","4.17","245896.3285","3.83","232070.488","3.57","221361.5437","3.32","206875.5486","3.24","204401.9484","3.22","202979.8891","2.89","182565.0038","3.01","190451.2754","3.06","195621.3699","3.3","214423.9122","3.49","230319.2194"
"8056",Castelldefels,"7.33","439.8199415","6.82","463.427977","6.27","476.1763413","6.05","471.8039574","5.6","419.7475006","5.76","431.8147819","5.68","397.5308533","5.76","420.7093949","5.37","386.6735744","5.15","386.1281737","5.74","418.6551335","8.2","565.8076327","6.96","479.9449158"
"8043",Canyelles,"19.36","102662.5382","18.48","99474.99753","18.62","100274.3905","17.67","96418.26174","11.93","65925.92606","11.46","62984.76638","10.91","59927.82938","3.3","17930.75013","5.24","28183.27033","11.5","60778.10085","11.86","62465.20696","11.95","62477.43674","11.64","60798.59467"
"8058",Castellet i la Gornal,"6.22","2507.659296","5.72","2326.19022","5.76","2408.615175","5.31","2256.718551","4.82","2052.567689","4.85","1990.130417","4.64","1897.006821","4.6","1913.67318","3.44","1457.604647","3.23","1384.341995","4.27","1851.713553","4.08","1828.067148","4.43","1947.822151"
"8064",Castellterçol,"5.19","8115.250067","5.05","8096.670494","5.25","8380.351989","5.02","8180.53194","4.24","7040.529944","4.08","6675.326378","4.07","6709.256954","4.02","6632.70285","4.01","6495.900569","3.63","5771.573922","4.16","6409.793071","4.19","6470.044374","4.3","6683.321031"
"8065",Castellví de la Marca,"9.72","13310.35977","8.33","12535.31334","8.46","13338.99355","7.25","12031.48115","4.68","8047.002729","4.07","7139.282463","3.95","7076.355944","4.13","7262.613047","4.67","8151.90473","3.63","6392.466197","3.73","6600.074246","4.02","7266.015211","4.36","7961.824982"
"8147",Olesa de Montserrat,"5.11","11124.85132","4.82","12123.52644","4.7","13362.03105","4.28","13364.52695","3.79","12658.23421","3.6","12254.05919","3.44","12349.89394","3.44","12659.42103","3.05","11037.78364","3.16","11420.33476","3.36","11975.84098","3.75","13396.08301","3.94","14399.0724"
"8148",Olivella,"10.47","12494.9063","8.09","9598.658126","8.12","9685.108777","5.99","7176.327528","4.32","5260.559106","4.14","4976.053276","4.13","4923.43547","4.52","5370.816679","6.77","8020.654459","3.56","4221.753071","3.88","4587.213662","4.04","4785.472497","4.2","5033.276423"
"8905",la Palma de Cervelló,"13.58","32681436.27","12.46","30921014.54","12.37","31104254.28","10.96","28592123.54","8.76","22720610.29","7.71","21421136.72","7.85","21105556.38","8.04","20957284.49","7.87","21255068.9","6.92","19986143.11","7.77","20620547.83","8.43","20832021.96","9.3","21928759.6"
"8203",Sant Cebrià de Vallalta,"4.59","15809.7762","4.31","15140.49102","4.3","15622.60169","3.99","14679.21661","3.58","13518.5634","3.39","12941.95838","3.19","12443.9647","3.28","12779.22668","3.01","11813.89141","2.97","11678.97266","3.13","12542.75169","3.1","12465.38775","3.36","13586.79663"
"8042",Cànoves i Samalús,"4.99","15601.1984","4.77","16399.55176","4.63","17520.84842","4.19","16794.89393","3.73","15299.00531","3.53","14822.06898","3.45","14774.20776","3.51","15000.58394","3.11","13434.50286","3.1","13452.96705","3.26","14272.78382","3.61","15921.61054","3.8","16689.38585"
"8066",Castellví de Rosanes,"8.3","53923.93401","9.06","60414.3008","7.46","51568.12106","6.98","49797.88936","5.77","41616.97147","5.3","38438.45029","5.36","39477.78539","5.62","40912.0205","4.91","36079.03361","5.01","36703.61096","4.65","34281.48279","4.93","36506.21803","5.1","37862.07325"
"8068",Cervelló,"5.38","17943.49169","4.98","17807.76464","4.98","18805.72674","4.52","17955.23473","4.12","16627.66299","3.95","16242.51366","3.58","15172.98936","3.92","16809.21122","3.32","14488.5463","3.32","14716.89229","3.46","15201.2791","3.95","17346.49471","4.28","18820.58262"
"8069",Collbató,"6.23","1906.01253","5.84","1844.6829","6.08","1964.665335","5.44","1817.340301","4.85","1702.408476","4.69","1627.80144","4.62","1603.068414","5.08","1762.44043","4.63","1564.571298","4.57","1544.061097","4.51","1547.297407","4.91","1715.298097","5.08","1717.081058"
"8072",Corbera de Llobregat,"4.67","392836.5018","4.48","377947.3083","4.43","374478.8829","4.19","356672.2415","3.53","305774.8472","3.3","288219.2513","3.44","300211.6624","3.25","284015.1659","2.95","255787.5095","3","258533.6301","3.01","260043.2237","3.21","276147.727","3.48","301739.4541"
"8240",Sant Sadurní d'Anoia,,,,,"7.5","644.6548102","7.96","724.1952884","6","605.5291007","6.09","572.7738539","5.82","553.2547992","6.03","560.8622908","5.82","511.8741648","6.12","526.6933884","6.46","555.1907429","7.13","570.7948794","7.3","577.0809107"
"8046",Cardedeu,"6.17","32300.75173","5.72","29914.55912","6.07","31332.42205","5.74","29725.43328","3.74","19393.6428","3.62","18749.13258","3.51","17949.3337","3.75","19013.60158","4.38","21917.85574","3.51","17252.3095","3.64","17804.74009","3.74","17874.30822","4.17","19716.53011"
"8051",Castellar del Vallès,"4.44","817.530541","3.92","776.1204311","3.78","835.4075646","4.09","851.0754777","3.83","758.2630983","4.19","783.6764982","4.2","708.9701827","4.25","742.9093442","4.06","673.5029535","3.57","567.7196477","4.17","662.549607","3.81","598.5314915","3.8","603.5591686"
"8054",Castellbisbal,"5.88","3104.699968","5.56","3196.155331","5.85","3418.070266","5.32","3357.93582","5.08","3190.747322","4.48","2976.222539","4.42","2937.616844","4.81","3212.594794","4.18","2942.116963","3.97","2853.962854","4.45","3091.716896","4.8","3486.935445","4.99","3606.250999"
"8073",Cornellà de Llobregat,"4.54","48206.10806","4.35","51512.5777","4.26","54374.42779","3.93","52028.12154","3.64","49888.09754","3.31","46348.5042","3.35","47814.2943","3.27","46953.34647","2.97","43078.96693","3.02","43732.22897","3.04","43840.48969","3.24","47388.8904","3.56","52444.52603"
"8074",Cubelles,"11.44","46814.98971","9.87","44128.01461","9.56","44550.9906","8.31","40440.888","6.54","32303.02953","5.39","26998.61082","5.42","27763.22963","5.6","28981.19814","5.47","28382.62169","5.05","25947.20192","5.26","27452.486","5.68","29293.74093","5.75","29881.1677"
"8075",Dosrius,"5.52","114443.9205","4.99","105608.3006","5.01","106463.8103","4.8","103045.3845","3.8","83111.93717","3.65","80544.48821","3.58","78787.67485","3.49","76292.52768","3.46","75758.63354","3.14","68194.04503","3.42","74316.48771","3.56","77516.62251","3.73","81669.56386"
"8076",Esparreguera,"4.3","200022.4265","4.11","192600.3017","4.14","191834.3205","3.76","175083.6141","3.28","153905.7161","3.05","142160.7067","2.96","138234.2576","2.99","139665.8926","2.82","131716.0672","2.89","133305.8007","2.99","136439.1336","3.15","144064.8014","3.38","154878.9746"
"8204",Sant Climent de Llobregat,"6.95","490243.5858","6.2","457620.9079","6.45","479303.4616","5.94","453212.973","5.07","401968.9931","4.61","377046.7224","4.49","373822.5487","4.43","376036.6104","4.23","364599.3081","4.13","359660.8821","4.4","386805.8967","4.35","386991.0244","4.61","412646.4586"
"8205",Sant Cugat del Vallès,"12.88","11214.6007","12.7","11300.89193","12.63","11703.74613","12.02","11095.19144","5.5","5122.086057","4.9","4764.823071","5.1","5058.387844","5.09","5013.865125","8.6","8372.741201","4.33","4212.664495","4.7","4598.00299","4.82","4691.741087","4.96","4864.60062"
"8206",Sant Cugat Sesgarrigues,"5.16","10127.68373","4.98","10360.30563","4.81","10792.03378","4.44","10499.5282","3.61","8881.994693","3.39","8473.215429","3.54","8914.002111","3.67","9383.92988","3.32","8455.542714","3.26","8249.888101","3.39","8694.285734","3.55","9218.842053","3.6","9542.6373"
"8207",Sant Esteve de Palautordera,"11.87","74913.43919","10.48","69039.65436","11.68","78284.13749","11.1","76638.42418","8.08","58210.04843","7.59","55644.65997","7.9","58744.2826","8.1","60851.18369","8.89","67086.35845","6.04","45581.58125","6.58","50082.43069","6.93","53002.13334","7.48","57346.1463"
"8208",Sant Esteve Sesrovires,"6.83","49585.63651","6.52","48305.77348","6.49","49656.5941","5.74","45609.04","4.38","36030.34152","4.27","35429.57026","3.94","33156.35583","3.86","32559.55119","3.89","33219.22533","3.62","31411.01664","3.86","33236.21982","4.14","35852.9586","4.52","39122.61617"
"8276",Tagamanent,"14.77","1728.617643","12.27","1643.603911","11.66","1632.37107","9.69","1472.521039","8.42","1364.555617","8.63","1233.529212","8.22","1274.851895","8.02","1258.58599","10.01","1470.76927","11.02","1554.190907","8.5","1606.513731","9.39","1746.54909","9","1737.373662"
"8088",la Garriga,"5.9","260844.7656","5.52","245669.0375","5.52","246741.7969","5.09","229881.806","4.01","184291.9146","3.67","170035.0984","3.63","167802.2982","3.51","163037.749","3.34","155016.3735","3.4","157589.3044","3.59","166652.7409","3.5","162091.8747","3.65","169879.7457"
"8089",Gavà,"6.66","1045.285519","6.71","1033.252681","7.17","1133.175576","6.84","1095.09612","5.83","997.3223296","5.34","944.6531924","5.72","984.3840254","5.61","937.1924838","6.02","957.1194444","5.43","884.4334723","5.5","923.5375173","6.5","1040.723803","6.69","1083.40859"
"8091",Gelida,"5.72","27774.02903","5.43","26000.6641","5.63","27267.75897","4.87","24434.35367","3.73","18868.31026","3.61","18283.62329","3.42","17363.83561","3.66","18551.05042","3.95","19516.57808","3.47","17311.17296","3.68","18124.12785","3.88","18716.5458","4.07","19546.52347"
"8105",la Llagosta,"10.55","86143.4723","9.6","80903.98974","9.57","82160.31576","7.85","69389.01834","4.69","42418.06652","4.27","39189.9945","4.36","40529.81619","4.38","41484.19613","5.53","52829.49046","3.84","36630.65486","4.09","39140.47965","4.44","43145.87897","4.78","46568.1403"
"8094",la Granada,,,"7.06","529.1772546","6.61","502.6978454","7.62","548.9298599","8.7","670.1308742","7.82","617.9233246","8.33","666.2636864","7.75","642.9274011","10.5","798.0272202","6.29","503.0211894","11.3","904.1530504","8.48","669.6267014","8.47","661.0310314"
"8077",Esplugues de Llobregat,"5.48","1479.163773","5.35","1455.423603","5.99","1558.262272","4.93","1325.912451","5.21","1355.750375","5.17","1353.295346","5.06","1355.644628","5.46","1391.767993","4.75","1259.546029","4.74","1226.832351","5.26","1324.454545","5.42","1338.201209","5.94","1426.602644"
"8081",Fogars de Montclús,"9.7","11364.28279","8.85","11835.37058","8.82","12669.21386","7.66","11331.11066","4.2","6350.508368","4.07","6151.904443","4.13","6180.13765","4.09","6260.843512","6.05","8971.851364","3.5","5288.60407","3.74","5495.703244","4.13","5996.785814","4.48","6483.501116"
"8085",Font-rubí,"11.21","170315.4632","6.35","100399.658","6.85","111868.5196","6.86","116495.2089","5.78","102046.0972","6.09","110309.02","6.14","114696.48","5.95","113183.3823","6.63","126501.7528","5.43","104061.2189","5.46","106138.5697","5.67","110003.8265","5.72","112000.5358"
"8106",Llinars del Vallès,"5.64","70191.04269","5.5","71140.1623","5.34","72055.86336","4.88","67381.37636","3.97","56126.95317","3.74","53666.09495","3.69","53360.00683","4.16","60656.635","3.73","54616.63675","3.33","48953.99327","3.59","52872.49252","3.92","57790.8835","4.18","62347.90063"
"8107",Lliçà d'Amunt,"17.29","100644.8666","15.34","92544.95618","15.22","92632.74268","12.48","77148.77175","6.45","40545.72521","6.02","38312.99214","5.86","37529.79751","5.88","37597.11989","7.62","48955.63744","5.28","33520.50397","5.93","37875.51223","6.21","39540.12408","6.59","42056.82668"
"8209",Sant Fost de Campsentelles,"4.56","24063.63319","4.32","23406.12769","4.18","22974.40454","3.86","21695.84391","3.76","21444.16383","3.53","20619.73711","3.35","20043.89481","3.55","21677.67994","3.02","18221.88854","3.23","19076.49861","3.35","19787.48762","3.51","20953.7448","3.63","21939.44326"
"8210",Sant Feliu de Codines,"5.68","240273.9785","5.49","233037.4381","5.56","234928.6919","4.65","198293.5996","3.11","133518.1565","2.89","124765.3186","2.92","125985.619","2.83","123705.8507","2.8","122465.6946","2.87","125643.7376","2.91","127338.2481","2.85","125442.3497","3.06","135348.8726"
"8211",Sant Feliu de Llobregat,"20.37","12998.19928","19.07","11863.42278","19.81","12122.61124","17.18","10873.43175","4.91","3149.49019","4.62","3053.973142","4.45","2979.002047","4.54","2998.020595","7.63","4919.599928","4.2","2630.871127","4.71","2960.181845","4.96","3033.831041","5.3","3209.968329"
"8214",Vilassar de Dalt,"4.31","13890.60444","4.02","13347.42554","4.29","14504.93677","3.8","13033.95501","3.75","12938.23135","3.49","12251.13376","3.31","11736.15015","3.63","13022.59757","3.22","11350.21522","3.19","10998.21283","3.39","11621.70795","3.59","12442.7935","3.63","12536.2527"
"8101",l'Hospitalet de Llobregat,"6.13","220207.1409","5.74","211292.3191","5.91","218316.6304","5.31","202617.8947","4.23","164610.1094","4.04","158253.9125","4.05","158787.1874","4.01","157142.205","3.96","154467.7517","3.64","141056.598","3.84","148736.9882","4.04","157460.9537","4.2","165215.8253"
"8115",Martorelles,"10.04","7221.021561","9.61","7129.705938","9.69","7434.923621","8.78","6542.265378","7.2","5439.727664","6.64","5036.308626","6.76","5158.795124","7.33","5573.668789","6.46","4806.353963","6.1","4493.612341","7.33","5237.846546","8.71","6217.43261","10.17","7259.216683"
"8086",les Franqueses del Vallès,"5.16","1083.369261","4.91","1059.753696","4.83","1081.266633","4.91","1045.230495","4.62","988.0376753","4.49","964.5385185","4.3","878.1947062","4.92","984.5483187","4.29","857.473104","4.22","852.5814618","4.41","868.6881231","4.84","904.3491625","5.15","926.1977791"
"8087",Gallifa,"8.17","110046.7598","7.54","105140.2391","7.54","106871.2015","6.64","96819.01978","5.16","77316.27652","4.38","65991.32819","3.96","60408.05121","3.93","60854.43104","3.81","59345.81228","3.38","53300.92173","3.57","56120.5221","3.86","61423.79676","4.04","64531.49203"
"8118",el Masnou,"5.6","39619.87193","5.16","38227.02272","5.14","39791.42164","4.74","38043.2888","4.06","33172.47425","3.9","32360.91323","3.81","31631.81407","3.87","32438.50262","3.46","29148.4274","3.44","28953.45387","3.58","29871.99464","3.97","33264.48233","4.12","35063.91021"
"8120",Matadepera,"4.96","579287.5273","4.55","540572.1058","4.52","537949.7149","4.1","491018.0289","3.49","424546.9806","3.25","399882.1082","3.27","405588.0333","3.04","377455.2289","2.9","359449.6096","2.88","357669.0574","2.75","343491.2411","2.94","368500.6685","3.12","393491.2906"
"8121",Mataró,"23.39","45449.25423","20.35","42394.51506","19.09","42960.41086","18.25","42107.63993","11.06","26091.06023","10.42","24623.70655","3.95","9269.259311","4.07","9553.627469","8.23","19355.17396","3.66","8461.438827","3.87","8786.040433","4.09","9332.958408","4.38","9854.955205"
"8096",Granollers,"5.42","5359.164063","5.46","5726.882573","5.77","6140.980075","5.57","6275.465308","3.52","4192.554585","3.44","4253.421961","3.16","4146.860754","3.43","4655.364331","4.26","5945.187614","3.27","4669.084335","3.35","4743.14156","3.59","5113.294798","3.78","5376.334723"
"8097",Gualba,"7.92","21792.49693","7.74","22164.27496","7.71","22884.78497","6.79","20680.58745","4.41","13591.6973","4.2","12934.68019","4.07","12801.36473","4.18","13131.92463","4.45","13882.4389","3.79","11869.07145","4.04","12633.28396","4.28","13455.90115","4.49","14028.81789"
"8122",Mediona,"4.87","112434.302","4.61","107709.443","4.71","110848.7853","4.3","102489.5876","3.67","88342.69543","3.41","82660.01955","3.35","82410.96619","3.18","78958.8655","3.13","77768.14654","3.1","78093.94132","3.27","82308.64127","3.2","81143.38601","3.45","87854.02641"
"8123",Molins de Rei,"5.85","299460.2199","5.59","288832.2125","5.54","284581.1901","5.1","264677.1202","4.08","214228.6686","4.09","214624.0369","4.02","210592.8496","3.9","203938.5022","3.95","205355.4957","4.07","210452.4856","3.86","199245.8189","3.67","188743.5926","3.85","197089.7822"
"8124",Mollet del Vallès,"9.4","298301.6483","8.61","276692.8043","8.75","281114.1291","7.61","249166.0343","4.6","153855.972","4.4","148220.7251","4.43","151653.2893","4.31","149468.6537","4.6","160332.4245","4.74","162966.7851","5.09","175025.9161","4.31","149878.7506","4.69","164454.3159"
"8125",Montcada i Reixac,"4.99","45434.38023","4.79","45173.31002","4.51","44060.1673","4.14","41654.02522","3.63","37315.40616","3.37","35674.14139","3.04","32683.67541","3.05","33084.75697","2.96","32668.48025","3.01","34056.7953","3","34454.61356","3.02","35057.2455","3.17","37199.35009"
"8126",Montgat,"7.35","20021.65404","6.47","18385.46367","6.28","18244.00325","5.25","15647.46544","4","12109.02646","3.77","11401.45985","3.77","11340.64265","3.63","10862.63863","4.17","12486.64752","3.38","9943.37905","3.55","10312.68226","4.01","11500.2456","4.14","12157.56351"
"8288",Torrelles de Foix,"4.31","19857.41933","4.03","19588.23707","4.09","20342.34016","3.77","19628.94319","3.43","18606.6473","3.04","16791.3145","3.01","17012.7593","3.06","17563.77824","2.79","16096.44574","2.78","16243.96987","2.97","17448.10242","3.1","18397.62165","3.31","19721.61191"
"8108",Lliçà de Vall,"5.89","1465.890543","5.56","1406.363848","5.94","1496.300963","5.35","1363.429271","4.48","1164.116263","4.31","1142.639394","4.37","1110.883138","4.57","1184.082184","4.91","1187.949923","3.95","1015.637475","4.24","1187.458269","4.01","1122.995667","4.17","1164.632065"
"8110",Malgrat de Mar,"10.74","2771.778289","10.37","2665.043908","10.6","2830.592808","10.26","2677.979992","9.32","2377.603358","7.91","2017.65379","8.61","2228.878226","8.15","2191.998546","7.11","1863.281872","6.53","1736.836993","7.5","1965.269978","8.03","2143.542797","9.95","2627.930398"
"8114",Martorell,"15.41","75558.4332","15.94","78690.17493","18.31","89604.31149","17.72","86899.062","8.97","44156.08747","8.87","43439.72219","8.38","41063.50481","8.55","42149.68826","11.82","57706.63012","6.61","31608.0986","7.26","34549.884","7.98","37684.77723","8.09","38342.11942"
"8135",Montmeló,"11.85","168207.9065","10.86","157630.3926","9.77","143903.6763","8.47","127522.6486","6.22","96419.13077","5.55","87637.42772","5.49","88018.49198","5.23","84749.498","6.57","106131.6364","4.77","77330.39322","5.19","83936.15714","5.46","88581.22243","5.89","95667.58679"
"8136",Montornès del Vallès,"5.75","1759.14665","5.25","1568.30055","5.45","1629.603043","5.08","1625.499684","5.03","1603.110025","5.13","1600.57449","4.82","1514.462168","4.83","1464.184253","4.51","1444.514325","3.61","1197.072261","4.58","1461.015971","4.05","1294.936252","3.86","1323.633094"
"8904",Badia del Vallès,"3.6","10532.30708","3.34","9989.339803","3.5","10543.30392","3.52","10669.32607","3.21","9814.852187","3.01","9145.841182","2.91","8789.586736","2.92","8835.334479","2.95","8825.105878","3","9009.729941","2.93","8702.495968","3.13","9389.342342","3.42","10244.66203"
"8153",Òrrius,"21.81","16247.55343","21.41","16849.42087","21.94","18232.8045","19.37","16561.10608","5.06","4399.923475","4.9","4313.719205","4.81","4191.897253","4.59","4035.93436","14.18","12648.87477","3.96","3534.527959","4.45","3974.674832","4.77","4261.497272","5.18","4676.337686"
"8154",Pacs del Penedès,"10.9","77375.18056","10.42","79005.55956","10.12","81578.07474","9.1","76108.35016","7.47","64115.38357","7.13","62592.23443","6.99","62712.47743","7.07","63845.31193","7.5","68119.40876","6.81","61764.67512","7.05","64336.68697","7.47","68244.66284","7.68","70441.41257"
"8155",Palafolls,"11.62","149158.9211","10.87","144621.232","11.08","150637.7343","9.22","128331.3358","5.32","74855.33753","5.1","72351.53794","4.96","71134.23556","4.84","70086.42575","6.04","87255.37985","4.35","62863.42782","4.64","67025.36702","4.84","70154.81207","5.05","73827.92585"
"8231",Sant Pere de Ribes,"13.21","28754.70296","12.38","27809.55668","12.41","28768.74635","11.29","26636.02662","7.4","17589.13088","7.43","17688.45972","7.57","18020.19149","7.47","17730.60514","8.97","21044.26831","6.66","15739.93353","6.24","14809.09291","6.48","15340.01391","6.66","15603.77177"
"8232",Sant Pere de Riudebitlles,"6.28","14213.81041","5.9","13353.57491","5.96","13540.49922","5.68","13185.09328","5.1","12191.79138","4.67","11276.47014","5.24","12707.79015","5.17","12774.07679","4.48","10943.00109","3.1","7544.973632","3.46","8420.987044","3.62","8777.387056","3.72","9075.278296"
"8234",Sant Pere de Vilamajor,"5.23","24024.88053","4.99","23830.05936","4.86","23849.5179","4.57","22728.59908","4.22","21523.36487","3.6","18274.70894","3.71","18797.00549","3.53","17932.05078","3.27","16582.50026","3.28","16408.42391","3.36","16858.65479","3.66","18104.6938","3.86","19521.722"
"8235",Sant Pol de Mar,"25.31","50576.52602","21.98","44810.80725","21.6","46028.59775","19.71","42719.56083","9.41","20392.02872","3.65","7993.863541","3.54","7601.42127","3.65","7826.387821","7.76","16805.0449","2.88","6058.789487","3.11","6577.894664","3.38","7171.22577","3.48","7546.846705"
"8236",Sant Quintí de Mediona,"5.1","10233.69466","5.34","11053.04047","5.61","12034.66829","4.7","10401.67332","3.23","7291.607469","3.56","7970.885283","2.97","6529.937002","3.27","7141.222746","3.55","7698.459826","2.89","6197.575005","3.31","7058.851746","3.6","7648.716691","3.58","7494.408223"
"8279",Terrassa,"6.67","1007.061206","6.6","1022.618316","7.09","1041.99367","6.44","952.8107555","5.01","791.8540073","5.09","754.0591295","5.21","740.332772","5.66","774.82595","5.62","714.2750265","4.97","620.8223605","6.09","755.4209434","6.57","735.668642","6.63","769.6122"
"8281",Teià,"4","28294.82947","3.63","26489.79767","3.61","26745.80076","3.59","26908.73536","3.47","26305.83842","3.35","26047.5377","3.18","25347.04008","3.04","24755.9415","2.83","23235.90843","2.87","23878.78355","2.92","24599.95001","3.02","25872.31799","3.13","27081.79238"
"8167",Polinyà,"5.51","2655.523804","5.57","2774.537215","5.22","2900.058374","4.99","2781.97222","4.69","2486.625931","4.46","2401.383206","4.12","2356.360041","4.5","2389.899254","4.13","2083.205432","4.33","2067.740873","4.54","2190.644217","5.2","2357.583284","5.5","2507.864525"
"8174",Puigdàlber,"7.35","30841.92768","6.17","25910.31953","7.53","31922.98709","6.38","27597.88506","3.64","16030.04052","3.85","16698.7288","3.52","15305.79757","3.71","15949.25296","4.59","19574.29668","3.44","14469.68613","3.6","15016.01751","3.74","15399.43724","3.74","15296.49199"
"8156",Palau-solità i Plegamans,"4.59","46758.66361","4.37","46051.59561","4.38","47422.45423","4.14","45534.40518","3.7","41157.38417","3.44","38736.24131","3.47","39075.42109","3.44","38665.39795","3.24","36291.22083","3.23","36370.42112","3.3","37326.91062","3.37","38244.32794","3.57","40786.90613"
"8157",Pallejà,"10.48","38617.68189","10.28","38368.13256","10.74","40620.48847","8.07","30883.28181","5.11","19917.35265","4.36","17151.46092","4.29","16911.15267","3.98","15968.59686","4.13","16699.53425","4.07","16354.0896","4.36","17759.33955","3.89","15850.67314","4.14","16967.13472"
"8238",Sant Quirze del Vallès,"6.79","3685.754112","6.34","3668.531615","5.98","3760.757833","5.5","3391.020356","5.23","3372.8394","4.96","3175.94903","4.85","3204.853425","5.23","3387.810325","4.44","2922.775448","4.23","2724.74498","4.89","3039.128863","5.2","3309.809997","5.45","3417.305587"
"8239",Sant Quirze Safaja,"7.79","88497.89753","7.32","85014.37526","7.36","86813.11194","6.82","81263.69994","5.06","61956.11947","4.87","59999.36474","4.58","56527.94189","4.39","54797.51021","4.74","59772.70262","3.58","45021.5471","3.53","44799.94086","3.79","47986.18215","4.01","51106.99135"
"8158",el Papiol,"13.57","219907.5931","12.68","208187.8657","13.02","217710.849","12.17","209611.0047","7.13","125632.0557","6.71","119546.9607","6.77","122568.1758","6.43","118911.5056","8.15","151341.2642","6.12","114616.7635","6.29","118878.2653","6.59","124190.9262","6.71","127267.7615"
"8179",Rellinars,"4.43","153760.0684","4.11","145512.0499","4.09","145849.2639","3.65","132248.4792","3.08","114116.8684","2.82","104694.3124","2.88","107525.1737","2.82","105510.7704","2.72","101141.6636","2.75","102540.5266","2.89","108304.1187","2.85","107336.7046","2.91","110339.0963"
"8180",Ripollet,"9.16","81989.65665","8.33","78473.60767","8.68","83772.61333","7.55","75691.56857","5.2","53102.0681","4.9","50401.23936","4.65","47932.88695","4.54","47141.06535","6.82","70877.77694","4.19","44108.51784","4.53","47537.1022","4.81","50997.02541","5.02","52907.05447"
"8181",la Roca del Vallès,"5.35","16867.35759","5.01","16587.93411","4.76","16762.42752","4.45","16163.64524","4.31","15993.7096","3.59","13491.68947","3.45","12912.64559","3.49","13185.79059","3.37","12695.08313","3.28","12409.64975","3.5","12986.88843","3.72","13838.67211","3.69","14009.01283"
"8184",Rubí,"6","809.6549032","6.19","903.2383799","5.41","871.0955319","5.1","947.9913521","4.87","983.8389892","4.66","1016.782196","5.25","1165.473014","5.25","1192.56788","5.11","1083.343501","5.09","1160.729502","5.43","1244.442738","3.83","885.7671455","4.09","940.7656146"
"8187",Sabadell,"7.08","991.7591657","6.67","953.9159328","7.08","955.296833","6.39","881.5145301","5.78","774.3878552","5.31","748.6681966","5.07","709.5857269","6.46","930.2372042","5.84","904.5636509","6.14","915.2164158","6.29","987.2684625","6.62","1006.202905","6.36","985.3489599"
"8159",Parets del Vallès,"6.86","2591.444066","6.59","2497.46709","6.72","2646.33814","6.15","2504.988633","4.9","2000.696334","4.83","1914.016845","4.81","1922.773564","5.17","2104.928114","5.09","2146.1001","4.23","1720.121952","4.56","1910.854433","4.84","1988.020976","5.31","2180.407237"
"8163",Pineda de Mar,"5.73","5190.237091","5.47","5089.080484","5.79","5156.505633","5.01","5028.768222","4.51","4695.718869","4.14","4561.37374","4.11","4709.051464","4.17","4992.135503","3.68","4401.331815","3.5","4279.652929","3.66","4501.213634","3.87","4844.369561","4.15","5111.874492"
"8193",Sant Iscle de Vallalta,"5.89","193947.6167","5.66","184414.4463","5.72","187201.9542","5.05","167933.1737","3.68","124140.693","3.44","117320.7047","3.39","115812.6619","3.36","115995.6336","3.35","116769.1169","3.15","111444.9818","2.94","105125.3334","2.68","97631.06333","2.85","104243.8964"
"8194",Sant Adrià de Besòs,"5.86","650.8095932","5.78","618.2897856","6.63","670.023689","6.08","638.317328","5.95","601.425138","5.58","563.2121968","6.05","580.7690452","5.82","564.9974685","5.88","540.9976474","5.38","489.3815862","6.01","540.6497754","6","551.6372486","6.58","566.290081"
"8196",Sant Andreu de la Barca,"5.39","49512.12","4.89","46241.37129","4.75","46280.4045","4.53","45386.64614","4.12","41902.81702","4.17","42946.08434","3.85","40092.19887","3.65","38442.37636","3.39","35794.09914","3.42","36225.52199","2.97","31123.44714","3.68","39291.10498","3.92","42125.72385"
"8197",Sant Andreu de Llavaneres,"5.59","25841.93896","5.21","25403.56564","5.21","26527.66237","4.84","25826.13897","4.07","22158.16997","3.84","21062.18577","3.92","21761.18273","3.97","22643.55102","3.64","20812.52046","3.42","19527.68328","3.64","21051.53039","3.91","22906.67949","4.09","24560.65225"
"8164",el Pla del Penedès,"124.11","255671.3541","111.37","235216.9164","108.53","238000.6166","105.77","236394.6677","84.58","193360.5276","90.49","207673.6987","88.04","199768.718","89.66","202456.5259","109.52","243020.022","86.85","189853.3159","97.06","208678.6537","96.53","208415.0091","92.85","203342.0108"
"8168",Pontons,"11.1","701261.6196","8.03","506366.723","8.39","525947.2408","8","503068.7614","6.11","387273.0223","6.15","390073.6405","6.6","419053.3079","6.53","412220.8407","6.07","384888.2745","6.06","380681.1705","6.56","413640.1474","6.58","417490.5203","3.79","242088.8004"
"8169",el Prat de Llobregat,"5.73","3075.458473","5.53","2942.652777","5.72","3074.077052","5.48","2956.822694","4.95","2660.710644","4.76","2613.956658","4.95","2631.546447","5.24","2797.943739","4.66","2564.916774","4.34","2329.068309","4.86","2603.496895","5.38","2878.382605","5.6","2997.875259"
"8172",Premià de Mar,"5.57","2160.500825","5.83","2198.362546","5.1","2289.770492","4.58","2216.897608","4.17","2117.587742","3.91","2040.34678","3.95","2073.677685","3.91","2091.726607","3.46","1844.80507","3.57","1899.648061","3.66","1970.837929","4.13","2114.527332","4.36","2203.941373"
"8198",Sant Antoni de Vilamajor,"5.18","5345.610915","5.09","5092.649483","5.28","5143.994933","5.2","4996.843171","4.25","4062.988971","3.95","3815.448606","3.98","3831.30025","4.44","4032.769027","4.34","3856.440964","3.76","3291.936231","4.14","3574.805788","4.39","3728.764214","4.58","3927.0796"
"8200",Sant Boi de Llobregat,"12.12","6896.193367","12.71","7305.834023","11.9","6805.734191","9.26","5306.907546","4.06","2307.634994","3.88","2190.407191","4.01","2096.976624","4.22","2298.065765","6.55","3613.407806","3.46","1925.882366","3.92","2133.008152","4.15","2188.725421","4.48","2308.167261"
"8202",Sant Celoni,"5.54","14256.0987","5.13","14731.11517","5.04","15507.08981","4.71","15093.7589","4.33","14344.16012","3.96","13403.88659","3.94","13493.58418","3.81","12708.89722","3.5","11773.70815","3.39","11282.58312","3.62","12026.11231","3.74","12448.89574","4.02","13322.47987"
"8217",Sant Joan Despí,"5.4","54379.20516","5.22","54113.85029","5.38","56315.17187","4.96","52892.40109","4.18","45089.90817","4.03","43802.99313","3.84","41349.68511","3.75","40434.86056","3.79","40905.48265","3.47","37280.55843","3.57","38489.31621","3.8","40832.06179","3.97","42891.86165"
"8252",Barberà del Vallès,"6.33","1183.537824","6.12","1145.324628","6.38","1167.540202","6.31","1067.194644","5.08","827.8319801","4.7","790.0737097","4.89","781.6507526","5.09","798.5900077","4.91","799.9045392","4.38","709.8265113","4.76","751.8882725","5.14","761.4161738","5.35","786.2009345"
"8282",Tiana,"5.69","39982.51759","5.28","38684.65305","5.39","40847.05049","5.35","41745.4623","4.23","33688.33749","4.07","32512.32741","3.98","32334.65816","4.07","33017.72127","4.11","33205.77553","3.56","28504.61395","3.8","30465.58744","4.07","32378.80328","4.21","34178.16487"
"8284",Tordera,"6.62","86073.8303","6.27","83223.27925","6.39","85964.82191","5.47","74871.8574","3.96","54662.60026","3.73","52057.13419","3.49","48598.20159","3.78","52428.33455","3.83","53257.27357","3.32","46341.01333","3.43","47661.81138","3.76","52221.11382","3.97","55568.89226"
"8287",Torrelavit,"6.57","14300.12967","6.22","14010.82227","6.12","14123.08078","5.28","12829.03907","3.77","9284.142801","3.37","8579.168844","3.4","8348.153616","3.46","8324.476709","3.17","7476.920864","3.26","7531.193349","3.41","7660.106211","3.73","8203.215023","3.88","8697.577312"
"8296",Vallromanes,"5.6","890.6205606","5.31","886.3501332","5.18","885.9229665","4.77","811.5126941","4.08","701.4399759","4.08","706.0461938","4.18","722.8541032","4.36","736.9279887","3.86","678.5323664","3.3","580.3006304","2.93","513.3220986","2.81","486.9523041","2.8","468.357194"
"8219",Vilassar de Mar,"5.71","15569.40152","5.35","15026.53867","5.53","15965.37895","5.31","15573.2503","4.76","14068.72901","4.43","13180.3132","4.56","13593.01937","4.89","14785.47891","4.24","13046.92607","4.05","12649.21485","4.37","13556.56461","4.84","15070.42037","5.28","16358.53584"
"8221",Sant Just Desvern,"6.09","12321.39577","5.44","11567.39692","6","13325.01463","5.28","12151.36584","4.35","10521.40074","4.17","10063.52662","4.12","10258.91657","3.95","9991.740534","4.43","11223.81186","3.47","8733.708531","4.61","11782.00893","5.31","13595.92822","6.07","15453.01465"
"8222",Sant Llorenç d'Hortons,"6.24","13899.23092","5.68","12903.4002","5.73","13243.50257","5.09","11997.04697","3.91","9401.242571","3.74","8986.157388","3.5","8432.385588","3.97","9603.574134","3.7","8887.745327","3.37","7964.686672","3.62","8619.121832","3.92","9320.396441","4.17","9855.58353"
"8223",Sant Llorenç Savall,"4.53","4071.228779","4.52","4100.987233","4.5","4237.780832","4.11","4097.320246","5.27","5273.050619","3.66","3789.492065","3.49","3766.680083","3.59","3945.300093","3.23","3584.400193","3.09","3376.341272","3.38","3730.502797","3.45","3874.314867","3.63","4085.606405"
"8227",Sant Martí Sarroca,"5.4","1836.810415","5.34","1927.366031","5.15","1983.670961","4.89","1839.296979","4.64","1721.331318","4.29","1635.545215","4.43","1666.247307","4.72","1760.935391","4.21","1607.269758","3.84","1516.167897","4.19","1582.333528","4.68","1736.640595","5.12","1811.945058"
"8230",Premià de Dalt,"4.17","108843.3451","3.91","104958.4314","4.05","111451.6345","3.73","104671.034","3.46","98116.63429","3.24","92153.48646","1.79","51445.57358","2.96","86422.95931","2.77","79690.01428","2.76","80851.46374","2.83","83946.865","3.03","90386.18816","3.17","95404.06726"
"8244",Santa Coloma de Cervelló,"3.21","378954.9508","3.17","376818.2618","3.07","358304.9115","2.76","323468.619","2.51","300945.4305","2.23","267430.1643","2.17","261655.7162","2.07","249929.6953","1.9","228120.9557","1.99","236246.1519","2.03","237601.7075","2.15","251336.9081","2.25","264293.7508"
"8245",Santa Coloma de Gramenet,"21.13","43227.07178","18.64","40608.53793","19.11","41931.31536","15.39","34405.27154","9.81","21882.41596","4.13","9336.580491","10","22942.08451","10.25","23267.86474","7.11","15955.61447","8.32","18570.37957","9.4","20713.08725","9.98","22409.11212","9.76","22042.70081"
"8248",Santa Eulàlia de Ronçana,"5.2","1757.458582","4.84","1695.486093","4.96","1815.995781","4.41","1723.0723","4.1","1596.735718","4.04","1552.420727","3.77","1539.913316","4.25","1633.066853","3.6","1360.081322","3.43","1298.994804","3.69","1394.697374","3.82","1429.507815","3.89","1476.726682"
"8249",Santa Fe del Penedès,"3.65","34602.13862","3.51","34081.42748","3.63","35667.22467","3.36","32844.06445","3.31","32508.79864","3.08","30228.59943","2.97","29095.47607","3.14","30376.37299","2.84","27475.34154","2.83","27247.51058","2.93","28298.38962","3.15","30262.28735","3.19","31096.45732"
"8251",Santa Margarida i els Monjos,"9.66","268811.0972","8.81","252190.9787","8.59","251038.4021","7.53","227865.3756","4.79","149069.733","4.52","143287.7914","4.36","139791.4732","4.26","138016.7742","4.98","162278.6765","5.02","163427.7068","5.42","176268.3787","4.25","139520.6686","4.58","150452.6014"
"8256",Santa Maria de Martorelles,"7.59","933.5479192","7.68","983.3343641","7.6","972.7774215","6.75","876.8911236","6.67","866.9682898","7.72","1026.701247","7.27","1018.49422","8.15","1075.233312","6.14","816.9653489","4.4","615.6719363","6.69","870.0667804","6.36","839.6661124","6.67","820.1606947"
"8259",Santa Maria de Palautordera,"14.51","310539.7357","13.87","300197.7197","13.12","307478.4428","11.64","283079.6253","7.51","188102.8023","7.17","180566.8117","6.85","173634.5131","6.71","171782.042","7.98","203297.1251","5.9","149850.2056","6.34","161340.7312","6.67","170495.6536","6.78","173373.7109"
"8260",Santa Perpètua de Mogoda,"11.12","31902.97549","10.25","30112.26172","10.94","33026.29253","9.9","30884.44979","8.73","28366.07913","7.98","26395.49826","8.45","28043.03266","8.12","27112.33879","7.05","23426.10513","6.93","22818.91774","7.47","24465.92032","8.34","27729.13308","9.23","30937.17271"
"8261",Santa Susanna,"5.52","42705.34511","5.29","41482.18346","5.33","43177.93841","4.79","39600.02731","4.12","35313.70084","3.89","33763.89741","3.29","29980.41982","3.45","32152.96128","3.55","33312.64563","3.21","29951.73836","3.21","29652.94061","3.61","33314.36261","3.73","34712.81429"
"8263",Sant Vicenç dels Horts,"5.65","26946.76466","5.18","26545.03914","4.97","26155.36004","4.64","25230.48208","4.42","24865.22106","4.13","23854.17092","3.96","23182.79532","3.93","23073.41512","3.65","21728.45947","3.84","23060.73901","3.88","23489.24021","4.12","25470.33296","4.32","27125.34479"
"8264",Sant Vicenç de Montalt,"7.17","13824.9724","6.9","13194.66599","7.38","14452.23612","6.93","13706.18413","4.49","8966.966275","4.4","8927.517961","3.41","6989.173966","3.74","7596.581046","5.15","10361.84613","3.47","6844.6687","3.67","7345.464516","3.89","7768.445294","3.98","7959.54086"
"8266",Cerdanyola del Vallès,"6.89","48166.61767","6.5","46848.84458","6.58","48566.54952","5.95","45388.89556","4.38","34437.98057","4.07","32996.75287","3.76","31624.79734","4","34048.81059","4.27","36944.56726","3.34","28902.90733","3.61","31204.41177","3.73","32457.39951","3.87","34094.88672"
"8267",Sentmenat,"8.46","11357.67789","7.83","10435.807","8.22","10944.11723","7.33","9706.173525","4.95","6602.930188","4.67","6190.174218","4.68","6095.156144","4.94","6446.66806","5.9","7503.264333","4.37","5449.546786","4.71","5690.630859","5.31","6286.78659","5.71","6655.302371"
"8270",Sitges,"4.85","446.0685599","4.16","424.2038835","4.27","418.32175","3.75","382.3167321","3.63","355.4087261","3.65","346.3055573","3.63","319.0332867","3.84","353.4332555","3.65","328.613456","3.71","308.194258","4.06","333.2788635","4.15","344.4808114","4.39","368.7045423"
"8273",Subirats,"13.86","85983.40785","11.36","71453.34464","11.28","71851.5206","10.09","65147.59011","4.81","30951.55889","4.98","31648.95105","3.59","22472.76981","3.73","23191.58474","7.16","43827.91588","3.55","21283.60316","3.68","21812.44754","3.9","22892.51521","16.43","97099.89129"
"8289",Torrelles de Llobregat,"5.45","7898.369172","5.17","7907.049701","4.81","8117.655409","4.23","7456.832647","3.85","7168.427885","3.48","6579.175497","3.43","6529.013863","3.54","7008.540958","3.1","6300.555908","3.03","6226.237635","3.19","6512.906145","3.48","7098.151701","3.71","7618.5869"
"8290",Ullastrell,"8.09","37155.91477","7.16","36490.60362","6.83","37089.77891","6.05","35021.08358","4.47","26272.13588","4.2","25282.9738","3.9","24068.52413","4.48","27895.96625","4.44","27824.05698","3.57","22192.68273","3.72","22881.47394","4.13","25558.27073","4.42","27941.38446"
"8291",Vacarisses,"5.32","6668.691445","4.96","6503.748795","5.69","7602.421604","5.58","7745.448167","4.76","6792.510002","4.43","6300.668742","4.27","6114.019925","4.29","6143.723178","4.66","6671.107838","3.83","5455.048038","4.25","6020.054691","4.56","6438.093941","5.03","7105.862137"
"8294",Vallgorguina,"5.71","70504.78574","5.41","69951.17551","5.24","69874.54551","4.55","62525.3766","3.69","51858.2034","3.44","48874.44683","3.37","48556.25345","3.29","47841.37729","3.28","48004.63746","3.04","44473.33931","3.12","45652.45606","3.35","49172.06666","3.49","51604.57458"
"8295",Vallirana,"5.48","10473.68187","5.02","10518.03892","5.12","11283.0535","4.87","10752.74693","4.53","10335.75772","4.14","9803.110675","4.15","9954.658203","3.89","9645.889587","3.53","8979.998706","3.59","9033.885934","3.69","9389.732192","3.67","9272.409864","4.42","11120.42268"
"8300",Viladecavalls,"4.98","303694.2563","4.65","284353.8367","4.66","287309.0619","4.25","266011.8856","3.37","213984.3205","3.17","202952.131","2.99","193844.9423","2.95","192629.9899","2.87","187760.6905","2.95","192805.168","3.06","200776.0355","3.07","202113.1004","3.27","215811.9939"
"8301",Viladecans,"4.7","54293.36461","4.29","51593.30547","4.24","51821.47287","3.86","47951.51422","3.6","45549.86348","3.38","42756.9688","3.21","40534.37758","3.35","42213.02266","3.03","37979.75911","2.96","37006.79463","3.09","38416.56377","3.34","41478.09449","3.54","43694.14497"
"8305",Vilafranca del Penedès,"5.77","3253.477439","5.56","3232.334782","5.59","3287.964967","5.38","3146.863302","4.56","2899.429611","4","2758.684418","4.03","2697.986157","3.91","2752.163307","3.48","2400.67355","3.26","2304.651926","3.6","2549.802251","3.89","2661.008334","4.09","2825.176343"
"8304",Vilobí del Penedès,"5.05","181009.3104","4.79","175806.9361","4.87","178636.163","4.47","166995.6893","4.01","153909.3274","3.71","141691.7434","3.69","142963.1877","3.51","137030.6556","3.18","123927.8806","3.15","123630.4233","3.25","127475.1814","3.44","135510.3668","3.69","145817.9586"
"8306",Vilalba Sasserra,"5.47","336075.4452","5.14","322825.1696","5.18","327448.714","4.62","299878.5126","3.56","234305.6221","3.31","220264.0136","3.06","204893.225","2.98","198421.1935","3.03","200654.7933","2.88","189593.7805","3","197363.2789","3.17","209131.4782","3.43","226853.7095"
"8307",Vilanova i la Geltrú,"7.55","1457.601793","7.2","1397.029566","7.64","1467.560652","6.81","1313.522295","6.27","1166.224554","5.82","1094.086472","6.2","1103.545218","6.37","1133.764957","6.09","1077.623672","5.48","953.165033","6.23","1045.882754","6.78","1098.35622","6.71","1160.63259"
"8902",Vilanova del Vallès,"2.78","716.3867592","2.89","749.0758989","3.39","863.4803124","3.45","885.527929","3.04","828.8467127","3.14","838.3801896","3.42","900.6658887","4.04","1038.044511","3.63","899.8895101","3.63","867.1859469","3.78","913.5524042","4.01","1007.092686","4.41","1067.812681"
"8134",Figaró-Montmany,"10.83","95312.138","10.52","93849.1653","10.87","96479.0663","9.77","86698.83068","6.49","58142.06076","6.51","58572.51888","7.16","63787.47594","7.09","62573.46278","8.19","72556.43014","7.9","70044.63667","8.31","73403.68427","8.05","70742.90796","7.96","69658.66724"
,AMB,"11.28","35364793.46","10.6","33500513.67","10.7","33719299.81","9.74","31031615.67","7.69","24749296.64","7.23","23327222.67","7.13","23011661.89","7.05","22830357.47","7.16","23108948.27","6.77","21749288.96","6.98","22430795.86","7.04","22711740.26","7.37","23922158.22"
,B30,"1.1","1034089.423","1.02","985547.8809","1.04","1010360.975","0.94","934149.2282","0.62","629869.002","0.59","596030.1292","0.58","597829.8252","0.57","591973.9044","0.67","695503.9347","0.55","564429.0763","0.58","600963.5792","0.58","600228.5777","0.61","637141.1748"
,RMB,"9.3","44340885.73","8.64","41838702.67","8.68","42165291.34","7.88","38856080.43","6.21","30976151.01","5.84","29258832.41","5.73","28815895.82","5.66","28576165.96","5.74","28937743.83","5.4","27154056.05","5.58","28063143.93","5.65","28496542.46","5.89","29913640.21"
